,toy_name,colection,price,discount,age,pieces,calification
0,Castillo de Himeji,Architecture,"$3,999.00",0,18+,2125,4.4
1,Ciudad de Nueva York,Architecture,"$1,499.00",0,12+,598,4.0
2,Londres,Architecture,$999.00,0,12+,468,4.2
3,París,Architecture,"$1,299.00",0,12+,649,3.5
4,Gran Pirámide de Guiza,Architecture,"$3,499.00",0,18+,1476,3.3
5,Taj Mahal,Architecture,"$2,999.00",0,18+,2022,5.0
6,Singapur,Architecture,"$1,599.00",0,18+,827,2.7
7,Estatua de la Libertad,Architecture,"$2,999.00",0,16+,1685,4.8
8,La Casa Blanca,Architecture,"$2,599.00",0,18+,1483,4.6
9,Batcueva: Caja Sombría,Batman™,"$9,699.00",0,18+,3981,4.4
10,Batmobile™: Caza de Batman™ vs. The Joker™,Batman™,"$1,199.00",0,8+,438,4.7
11,LEGO® DC Batman™: Batmóvil Blindado,Batman™,"$6,499.00",0,18+,2049,4.0
12,Batwing: Batman™ vs. The Joker™,Batman™,$949.00,0,8+,357,4.9
13,Figura para Construir: Batman™,Batman™,$829.00,0,8+,275,4.7
14,Batmóvil: Caza de The Penguin™,Batman™,$799.00,0,8+,392,5.0
15,Persecución en el Batmobile™: Batman™ vs. The Joker™,Batman™,$679.00,0,4+,54,4.9
16,THE BATMAN: BATMOTO,Batman™,"$1,299.00",0,9+,641,4.8
17,Llavero de Harley Quinn™,Batman™,$149.00,0,6+,,3.0
18,Llavero de Batman™,Batman™,$149.00,0,6+,,5.0
19,Jim Lee: Colección de Batman™,Batman™,"$3,199.00",30%,18+,4167,4.8
20,THE BATMAN: BATMÓVIL,Batman™,"$2,599.00",30%,10+,1360,4.7
21,Batman™ contra Harley Quinn™,Batman™,$259.00,30%,4+,42,4.7
22,EVA y WALL•E,BrickHeadz,$359.00,0,10+,155,5.0
23,Sonic the Hedgehog™,BrickHeadz,$249.00,0,10+,139,5.0
24,Jake Sully y su Avatar,BrickHeadz,$499.00,40%,10+,246,5.0
25,100 Aniversario de Disney,BrickHeadz,$999.00,40%,10+,501,4.7
26,Héroes de la Batalla de Endor™,BrickHeadz,$999.00,40%,10+,549,5.0
27,Gandalf el Gris y Balrog™,BrickHeadz,$499.00,0,10+,348,4.7
28,"Harry, Hermione, Ron y Hagrid™",BrickHeadz,$619.00,30%,10+,466,4.7
29,Harry Potter™ y Cho Chang,BrickHeadz,$499.00,0,10+,267,5.0
30,Mi Yo de Ladrillos: FC Barcelona,BrickHeadz,$499.00,30%,10+,530,5.0
31,Draco Malfoy™ y Cedric Diggory,BrickHeadz,$499.00,0,10+,262,5.0
32,Obi-Wan Kenobi™ y Darth Vader™,BrickHeadz,$499.00,0,10+,260,4.6
33,Frodo™ y Gollum™,BrickHeadz,$359.00,20%,10+,184,4.7
34,Mickey Mouse Fiesta de la Primavera,BrickHeadz,$249.00,0,10+,120,
35,Bandido Tusken,BrickHeadz,$249.00,0,10+,152,4.8
36,Miles “Tails” Prower,BrickHeadz,$249.00,0,10+,131,5.0
37,Cruella y Maléfica,BrickHeadz,$499.00,0,10+,320,4.0
38,Vaiana y Mérida,BrickHeadz,$499.00,0,10+,410,5.0
39,Bailarín de la Danza del León,BrickHeadz,$249.00,30%,10+,239,4.8
40,Mi Yo de Ladrillos: Manchester United,BrickHeadz,$499.00,30%,10+,530,4.6
41,Aragorn™ y Arwen™,BrickHeadz,$499.00,20%,10+,261,5.0
42,"Gilito McPato, Juanito, Jaimito y Jorgito",BrickHeadz,$619.00,30%,10+,340,4.9
43,Kingsley Shacklebolt™ y Nymphadora Tonks™,BrickHeadz,$499.00,20%,10+,250,5.0
44,Pata Daisy,BrickHeadz,$249.00,30%,10+,110,4.8
45,Iron Spider-Man,BrickHeadz,$249.00,0,10+,91,
46,Ahsoka Tano,BrickHeadz,$249.00,30%,10+,164,4.8
47,San Bernardo,BrickHeadz,$349.00,0,8+,236,4.9
48,Goofy y Pluto,BrickHeadz,$349.00,30%,10+,214,4.7
49,Pato Donald,BrickHeadz,$249.00,30%,10+,90,4.8
50,Zombi,BrickHeadz,$249.00,30%,10+,81,4.6
51,Stitch,BrickHeadz,$249.00,0,10+,152,
52,Groot en Maceta,BrickHeadz,$249.00,0,10+,113,
53,Chip y Chop,BrickHeadz,$499.00,30%,10+,226,5.0
54,Bulldog Francés,BrickHeadz,$349.00,0,8+,237,4.7
55,Profesores de Hogwarts™,BrickHeadz,$999.00,30%,10+,601,4.8
56,Woody y Bo Peep,BrickHeadz,$499.00,30%,10+,296,4.9
57,El Mandaloriano y el Niño,BrickHeadz,$499.00,0,10+,295,4.7
58,Llama,BrickHeadz,$249.00,30%,10+,100,4.9
59,Alex,BrickHeadz,$249.00,30%,10+,86,5.0
60,Avión de Pasajeros,City,"$2,999.00",0,7+,913,4.7
61,Casa Familiar y Coche Eléctrico,City,"$1,499.00",20%,6+,462,4.8
62,Tren de Pasajeros de Alta Velocidad,City,"$4,599.00",0,7+,764,4.4
63,Hospital,City,"$3,199.00",30%,7+,816,4.3
64,Centro de Esquí y Escalada,City,"$2,999.00",0,7+,1045,5.0
65,Heladería,City,$999.00,0,6+,296,4.9
66,Exploradores del Ártico: Camión y Laboratorio Móvil,City,"$1,899.00",0,6+,489,5.0
67,Autocaravana de Vacaciones,City,$469.00,0,5+,190,4.8
68,Exploradores del Ártico: Barco,City,"$3,999.00",0,7+,815,4.9
69,Desafío Acrobático: Rampa y Aro,City,$749.00,30%,5+,144,4.9
70,Centro Urbano,City,"$4,999.00",0,8+,2010,4.9
71,Exploradores del Ártico: Motonieve,City,$279.00,0,5+,70,5.0
72,Barco de Exploración Submarina,City,$999.00,0,5+,182,4.9
73,Camiones de Obra y Grúa con Bola de Demolición,City,"$1,499.00",0,4+,235,4.9
74,Estación de Tren,City,"$2,599.00",0,7+,907,4.5
75,Unidad Móvil de Control de Incendios,City,"$1,599.00",0,7+,502,4.9
76,Coche de Policía,City,$259.00,0,5+,94,4.6
77,Avión Acrobático,City,$259.00,30%,5+,59,5.0
78,Comisaría de Policía,City,"$1,799.00",0,6+,668,5.0
79,Grúa Móvil,City,"$1,099.00",30%,7+,340,5.0
80,Edificio de Apartamentos,City,"$2,399.00",0,6+,688,4.8
81,Furgoneta Veterinaria de Rescate,City,$259.00,30%,4+,58,4.4
82,Tren de Mercancías,City,"$4,999.00",0,7+,1153,4.8
83,Excavadora de Obra,City,$499.00,20%,5+,148,5.0
84,Vías,City,$499.00,0,,20,3.2
85,Camión Hamburguesería,City,$499.00,0,5+,194,5.0
86,Isla Prisión de la Policía,City,"$2,599.00",0,7+,980,
87,Róver de Control y Grúa de Carga,City,"$2,199.00",0,7+,758,
88,Coche de Carreras,City,$259.00,30%,4+,46,5.0
89,Camión de Rescate 4x4 de Bomberos,City,$259.00,30%,5+,97,5.0
90,Nave Espacial Interestelar,City,$499.00,0,6+,240,5.0
91,Base Espacial y Plataforma de Lanzamiento,City,"$3,499.00",0,8+,1422,
92,Parque de Bomberos con Camión de Bomberos,City,"$1,999.00",0,6+,843,4.0
93,Estación Espacial Modular,City,"$2,799.00",0,7+,1097,
94,Centro de Lanzamiento Espacial,City,"$3,999.00",30%,7+,1010,5.0
95,Barco Velero,City,$499.00,0,5+,102,
96,Meca de Construcción Espacial,City,$279.00,0,6+,140,
97,Nave Espacial y Descubrimiento del Asteroide,City,$499.00,0,4+,126,
98,Laboratorio de Criminología Móvil de la Policía,City,"$1,399.00",0,7+,674,
99,Avión de Rescate de Bomberos,City,"$1,399.00",0,6+,478,
100,Karts y Pilotos de Carreras,City,$259.00,0,5+,99,
101,Moto de Policía y Coche a la Fuga,City,$259.00,0,5+,59,5.0
102,Helicóptero de Rescate para Emergencias,City,$499.00,0,6+,226,
103,Submarino de Exploración de las Profundidades,City,"$2,799.00",0,7+,842,4.9
104,Persecución Policial en el Banco,City,"$2,599.00",30%,7+,915,4.7
105,Apisonadora,City,$259.00,0,5+,78,5.0
106,Furgoneta-Pingüino de Granizadas,City,$499.00,0,5+,194,4.8
107,Bases de Carretera,City,$469.00,0,5+,112,1.8
108,Monster Truck Azul,City,$399.00,0,5+,148,
109,Central de Vehículos de Emergencia,City,"$1,799.00",20%,6+,706,4.9
110,Róver Explorador Espacial y Vida Extraterrestre,City,$869.00,0,6+,311,5.0
111,Entrenamiento Móvil para Perros Policía,City,$749.00,0,5+,197,4.4
112,Base de Investigación Lunar,City,"$3,399.00",30%,7+,786,4.7
113,Moto Acrobática: Bañera,City,$209.00,30%,5+,14,4.9
114,Coche de Carreras y Camión de Transporte,City,$759.00,0,6+,328,
115,Deportivo de Carreras Verde,City,$259.00,0,4+,56,
116,Coche de Policía y Potente Deportivo,City,$499.00,0,6+,213,
117,Deportivo Eléctrico,City,$259.00,0,5+,95,4.8
118,Moto Acrobática: Cibernauta,City,$209.00,30%,5+,13,4.0
119,Transporte Equino,City,$799.00,30%,5+,196,4.6
120,Autolavado,City,$829.00,0,6+,243,4.8
121,Camión de Reciclaje,City,$749.00,0,5+,261,4.9
122,Ambulancia de Emergencias y Chico con Snowboard,City,$499.00,0,4+,79,
123,Transporte del Helicóptero de Rescate,City,$799.00,30%,5+,215,4.7
124,Camión Hormigonera,City,$529.00,30%,4+,85,5.0
125,Lancha de Policía y Guarida de los Ladrones,City,$869.00,0,6+,311,
126,Coches de Carreras Modificados,City,$759.00,0,6+,359,
127,Cambios de Agujas,City,$349.00,0,,8,5.0
128,Helicóptero de Rescate de Bomberos,City,$259.00,0,5+,85,
129,Granero y Animales de Granja,City,"$1,899.00",30%,4+,230,3.4
130,Central Móvil de Policía,City,"$1,299.00",30%,6+,436,4.9
131,Camión de Bomberos 4x4 con Barco de Rescate,City,$869.00,0,5+,301,
132,Persecución Policial del Camión de los Helados,City,"$1,099.00",30%,5+,317,4.7
133,Moto Acrobática: Oso,City,$209.00,30%,5+,10,5.0
134,Camión de Torneo de Videojuegos,City,$999.00,0,7+,344,2.5
135,Vehículo de Exploración Lunar,City,"$1,099.00",30%,6+,275,5.0
136,Cuerpo de Bomberos,City,"$2,599.00",30%,7+,766,4.8
137,Estación Espacial Lunar,City,"$2,099.00",30%,6+,500,4.8
138,Moto de Rescate de Bomberos,City,$259.00,0,4+,57,
139,Parque de Bomberos y Camión de Bomberos,City,$999.00,0,4+,153,4.8
140,Parque de Bomberos,City,"$1,799.00",30%,6+,540,4.8
141,Quad y Hábitat de la Nutria,City,$259.00,30%,5+,90,4.7
142,Calendario de Adviento LEGO® City 2023,City,$869.00,30%,5+,258,4.8
143,Tractor Forestal,City,$259.00,30%,5+,86,4.6
144,Misiones de Exploración Espacial de Marte,City,"$1,099.00",30%,6+,298,4.3
145,Moto Acrobática: Escorpión Temerario,City,$209.00,30%,5+,15,4.5
146,Lancha de Rescate de Bomberos,City,$749.00,0,5+,144,4.8
147,Academia de Policía,City,"$2,599.00",0,6+,823,4.6
148,Todoterreno 4x4 Aventurero,City,$749.00,0,6+,252,4.6
149,Camión de los Helados,City,$399.00,30%,5+,200,4.5
150,Persecución en la Comisaría de Policía,City,$999.00,0,4+,172,4.8
151,Tractor,City,$469.00,0,5+,148,4.8
152,Misiones de Rescate de Animales Salvajes,City,"$1,099.00",30%,6+,246,4.7
153,Taller Mecánico de Tuning,City,"$1,499.00",0,6+,507,4.5
154,Parque de Patinaje Urbano,City,"$1,699.00",0,6+,454,5.0
155,Pack de Vehículos Deportivos,City,$759.00,0,6+,362,5.0
156,Rescate de Bomberos y Persecución Policial,City,"$1,099.00",30%,5+,295,4.9
157,Montaña Rusa Espacial Móvil,City,"$1,299.00",0,6+,433,4.9
158,Desafío Acrobático: Ataque del Tiburón,City,$999.00,30%,5+,122,4.5
159,Misiones de Investigación de la Policía Acuática,City,"$1,099.00",30%,6+,278,4.3
160,Carrera de Camiones Monstruo,City,$759.00,0,6+,301,4.6
161,Desafío Acrobático: Anillos Giratorios,City,$999.00,30%,6+,117,4.8
162,Desafío Acrobático: Derribo,City,$999.00,30%,5+,117,5.0
163,Pista Acrobática con Doble Rizo,City,"$3,999.00",30%,7+,598,2.0
164,Rizo Acrobático: Chimpancé Devastador,City,"$1,899.00",30%,7+,226,5.0
165,Desafío Acrobático: Camión y Anillos de Fuego,City,"$1,499.00",30%,6+,479,4.9
166,Desafío Acrobático: Rizo Extremo,City,"$2,599.00",30%,7+,385,4.7
167,Helicóptero de Bomberos,City,$259.00,30%,4+,53,4.9
168,Caja de Ladrillos Creativos Mediana LEGO®,Classic,$849.00,0,,484,4.7
169,Diversión Creativa: Pastel,Classic,$499.00,0,5+,333,4.9
170,Ladrillos Creativos Transparentes,Classic,$749.00,0,4+,500,3.7
171,Ladrillos a Montones,Classic,"$1,499.00",0,5+,1000,4.9
172,Monstruos Creativos,Classic,$259.00,0,4+,140,5.0
173,Maletín creativo,Classic,$499.00,0,,213,4.0
174,Construye en Compañía,Classic,"$2,599.00",30%,5+,1601,4.7
175,Base Verde,Classic,$229.00,0,4+,1,3.8
176,Ladrillos y Funciones,Classic,$799.00,30%,5+,500,4.9
177,Caja de Ladrillos Creativos Vibrantes,Classic,"$1,499.00",0,4+,850,
178,Creatividad a Todo Color,Classic,"$1,599.00",0,5+,1500,3.0
179,Base Blanca,Classic,$229.00,0,4+,1,5.0
180,Base Gris,Classic,$399.00,0,4+,1,4.3
181,Universo Creativo de Fantasía,Classic,"$2,299.00",0,5+,1800,4.9
182,Vehículos Creativos,Classic,"$1,399.00",0,5+,900,
183,Base Azul,Classic,$229.00,0,4+,1,4.0
184,Misión Espacial,Classic,"$1,899.00",30%,5+,1700,4.0
185,90 Años de Juego,Classic,"$1,299.00",30%,5+,1100,5.0
186,Caja Creativa: Fiesta,Classic,"$1,299.00",0,5+,900,4.9
187,Planetas Espaciales Creativos,Classic,$869.00,0,5+,450,
188,Ladrillos y Ruedas,Classic,$999.00,30%,4+,653,4.5
189,Casas Creativas,Classic,"$1,399.00",0,4+,850,
190,Mascotas Creativas,Classic,$869.00,0,5+,450,
191,Diversión Creativa: Simios,Classic,$259.00,30%,5+,135,4.9
192,Diversión Oceánica Creativa,Classic,$529.00,0,4+,333,4.9
193,Diversión Creativa: Neón,Classic,$499.00,0,5+,333,4.9
194,Criaturas del Fondo Marino,Creator 3in1,$349.00,0,7+,230,5.0
195,Cámara Retro,Creator 3in1,$499.00,0,8+,261,5.0
196,Unicornio Mágico,Creator 3in1,$259.00,0,7+,145,4.9
197,Grandes dinosaurios,Creator 3in1,$349.00,0,,174,4.7
198,Moto Clásica,Creator 3in1,$349.00,0,8+,128,4.8
199,Astronauta Espacial,Creator 3in1,"$1,399.00",0,9+,647,5.0
200,Lanzadera Espacial,Creator 3in1,$259.00,0,6+,144,4.9
201,Perros Adorables,Creator 3in1,$749.00,0,7+,475,4.9
202,Pavo Real Exótico,Creator 3in1,$499.00,0,7+,355,5.0
203,Loro Exótico,Creator 3in1,$499.00,0,7+,253,4.8
204,Safari de Animales Salvajes,Creator 3in1,"$1,599.00",0,9+,780,
205,Conejo Blanco,Creator 3in1,$499.00,0,8+,258,4.6
206,Camión Plataforma con Helicóptero,Creator 3in1,$499.00,0,7+,270,5.0
207,Ukelele Tropical,Creator 3in1,$759.00,0,8+,387,5.0
208,Dragón Rojo,Creator 3in1,$259.00,0,6+,149,
209,Criaturas Fantásticas del Bosque,Creator 3in1,$399.00,0,7+,175,4.9
210,Flores en Regadera,Creator 3in1,$759.00,0,8+,420,
211,Loro Rosa Exótico,Creator 3in1,$499.00,0,7+,253,4.9
212,Reactor Supersónico,Creator 3in1,$529.00,0,7+,215,5.0
213,Montaña Rusa Espacial,Creator 3in1,"$2,799.00",0,9+,874,4.8
214,Barco Pirata,Creator 3in1,"$2,999.00",0,9+,1264,4.7
215,Patín Retro,Creator 3in1,$759.00,0,8+,342,
216,Rueda de Hámster,Creator 3in1,$759.00,0,8+,416,
217,Pajarera,Creator 3in1,$749.00,0,8+,476,4.8
218,Barco Vikingo y Serpiente Midgard,Creator 3in1,"$3,199.00",30%,9+,1192,4.3
219,Tigre Majestuoso,Creator 3in1,"$1,299.00",0,9+,755,4.8
220,Misión del Tesoro Hundido,Creator 3in1,$999.00,0,8+,522,4.3
221,Restaurante de Fideos del Centro,Creator 3in1,"$1,199.00",30%,8+,569,4.6
222,Calle Principal,Creator 3in1,"$3,699.00",30%,9+,1459,5.0
223,Robot Invencible,Creator 3in1,$259.00,0,6+,159,4.9
224,Ciberdrón,Creator 3in1,$249.00,30%,6+,113,5.0
225,Castillo Medieval,Creator 3in1,"$2,599.00",0,9+,1426,4.6
226,Casa Confortable,Creator 3in1,"$1,499.00",0,8+,808,4.9
227,Deportivo Callejero,Creator 3in1,$529.00,30%,7+,258,5.0
228,Furgoneta Playera,Creator 3in1,"$1,299.00",0,8+,556,4.9
229,Delfín y Tortuga,Creator 3in1,$259.00,30%,6+,137,4.6
230,Casa Surfera en la Playa,Creator 3in1,"$1,299.00",30%,8+,564,4.8
231,LEGO®: Titanic,Creator Expert,"$16,499.00",0,18+,9090,4.8
232,Hotel Boutique,Creator Expert,"$5,499.00",0,18+,3066,4.5
233,Ramo de Flores,Creator Expert,"$1,499.00",0,18+,756,4.9
234,Máquina del Tiempo de Regreso al Futuro,Creator Expert,"$4,999.00",0,18+,1872,4.5
235,Librería,Creator Expert,"$4,999.00",0,16+,2504,4.5
236,Transbordador Espacial Discovery de la NASA,Creator Expert,"$4,999.00",0,18+,2354,4.8
237,Orquídeas,Creator Expert,"$1,299.00",0,18+,608,4.8
238,Optimus Prime,Creator Expert,"$4,299.00",0,18+,1508,4.2
239,Porsche 911,Creator Expert,"$4,099.00",0,18+,1458,4.6
240,Suculentas,Creator Expert,"$1,299.00",0,18+,771,4.8
241,Furgoneta Clásica,Creator Expert,"$3,399.00",0,18+,1677,4.1
242,Vespa,Creator Expert,$249.00,0,9+,118,4.9
243,Gran plaza,Creator Expert,"$7,299.00",0,16+,4002,4.8
244,ECTO-1 de los Cazafantasmas,Creator Expert,"$5,799.00",0,18+,2352,4.6
245,NASA Apollo 11 Lunar Lander,Creator Expert,"$2,599.00",0,16+,1087,5.0
246,Casa Encantada de la Feria,Creator Expert,"$7,299.00",0,18+,3231,4.5
247,Coliseo,Creator Expert,"$12,999.00",30%,18+,9036,4.3
248,Ford Mustang,Creator Expert,"$4,099.00",0,16+,1471,4.7
249,Estadio del Real Madrid – Santiago Bernabéu,Creator Expert,"$9,499.00",30%,18+,5876,4.8
250,Ave del Paraíso,Creator Expert,"$2,599.00",0,18+,1173,4.6
251,Tren de Alta Velocidad,Creator Expert,$449.00,0,7+,284,4.1
252,Apartamentos de Friends,Creator Expert,"$4,299.00",0,18+,2048,4.6
253,Comisaría de Policía,Creator Expert,"$4,999.00",30%,18+,2923,4.5
254,Visita de Papá Noel,Creator Expert,"$2,599.00",20%,18+,1445,4.8
255,Batcueva: Caja Sombría,DC,"$9,699.00",0,18+,3981,4.4
256,LEGO® DC Batman™: Batmóvil Blindado,DC,"$6,499.00",0,18+,2049,4.0
257,Batmóvil: Caza de The Penguin™,DC,$799.00,0,8+,392,5.0
258,THE BATMAN: BATMOTO,DC,"$1,299.00",0,9+,641,4.8
259,Llavero de Superman™,DC,$149.00,0,6+,,5.0
260,THE BATMAN: BATMÓVIL,DC,"$2,599.00",30%,10+,1360,4.7
261,Jim Lee: Colección de Batman™,DC,"$3,199.00",30%,18+,4167,4.8
262,Castillo Disney,Disney™,"$9,699.00",0,18+,4837,5.0
263,Casa de “Up”,Disney™,"$1,499.00",0,9+,598,4.5
264,Mini Castillo Disney,Disney™,$999.00,0,12+,567,4.9
265,EVA y WALL•E,Disney™,$359.00,0,10+,155,5.0
266,Cámara en Homenaje a Walt Disney,Disney™,"$2,599.00",0,18+,811,5.0
267,100 Años de Iconos de la Animación Disney,Disney™,"$1,499.00",0,6+,1022,4.5
268,Mini Palacio de Agrabah Disney,Disney™,$999.00,20%,12+,506,3.8
269,Diversión en el Autolavado con Rayo McQueen y Mate,Disney™,$749.00,0,2+,29,4.9
270,Rapunzel Bailarina,Disney™,$259.00,0,5+,89,4.6
271,Casa Madrigal,Disney™,"$1,299.00",0,6+,587,3.9
272,100 Aniversario de Disney,Disney™,$999.00,40%,10+,501,4.7
273,Vaiana y Mérida,Disney™,$499.00,0,10+,410,5.0
274,Mini Mansión Encantada Disney,Disney™,$999.00,40%,12+,680,4.5
275,Iconos de Villanos,Disney™,"$3,399.00",0,18+,1540,4.9
276,Frozen: Paraíso Invernal de Anna y Elsa,Disney™,"$1,099.00",30%,4+,154,4.9
277,Concha Real de la Sirenita,Disney™,"$3,999.00",20%,18+,1808,5.0
278,Mini Castillo de Disney Ariel,Disney™,$999.00,0,12+,557,
279,Patio del Castillo de Anna,Disney™,$259.00,30%,5+,74,5.0
280,Llavero de Mickey,Disney™,$149.00,0,6+,,4.4
281,Llavero de Minnie,Disney™,$149.00,0,6+,,5.0
282,Torre de Rapunzel y El Patito Frito,Disney™,"$2,199.00",0,6+,623,
283,Gran Castillo de Aventuras,Disney™,"$2,599.00",0,6+,698,4.9
284,Dúos Disney,Disney™,"$1,149.00",0,6+,553,5.0
285,Asha en la Ciudad de Rosas,Disney™,$499.00,0,6+,154,4.8
286,Mickey Mouse Fiesta de la Primavera,Disney™,$249.00,0,10+,120,
287,Cruella y Maléfica,Disney™,$499.00,0,10+,320,4.0
288,Aventura en el Mercado de las Princesas Disney,Disney™,"$2,599.00",0,6+,817,
289,Castillo de Bella y Bestia,Disney™,"$2,299.00",30%,6+,505,4.9
290,Torre de Rapunzel,Disney™,"$1,599.00",30%,6+,369,4.7
291,Batalla contra Zurg,Disney™,$799.00,30%,7+,261,4.7
292,Vuelo sobre Londres de Peter Pan y Wendy,Disney™,"$1,499.00",0,10+,466,4.7
293,"Gilito McPato, Juanito, Jaimito y Jorgito",Disney™,$619.00,30%,10+,340,4.9
294,Castillo de Hielo,Disney™,"$5,499.00",0,14+,1709,4.4
295,Casa del Árbol Encantada,Disney™,"$3,999.00",0,7+,1016,4.8
296,Barco Aventurero de Vaiana,Disney™,$849.00,0,6+,321,4.9
297,Castillo Mágico 3en1,Disney™,"$2,599.00",0,3+,160,4.6
298,Cofre de Tesoros de Ariel,Disney™,"$1,149.00",0,6+,370,4.2
299,Mack en las Carreras,Disney™,$499.00,0,2+,14,
300,Patio del Castillo de Elsa,Disney™,$259.00,30%,5+,53,5.0
301,Calesa de Cuentos de Bella,Disney™,$399.00,0,5+,62,
302,"Creaciones Encantadas de Aurora, Mérida y Tiana",Disney™,"$1,799.00",30%,6+,558,3.6
303,Elsa y Bruni en el Bosque Encantado,Disney™,$759.00,0,2+,31,
304,Tren Homenaje a Disney,Disney™,$999.00,0,4+,200,5.0
305,Aventura de Jasmine y Mulán,Disney™,"$1,099.00",30%,5+,176,4.4
306,Delicias Heladas de Elsa,Disney™,$399.00,0,5+,82,
307,Palacio Submarino de Ariel,Disney™,"$2,599.00",30%,6+,498,4.8
308,Castillo Helado de Elsa,Disney™,"$1,149.00",0,4+,163,
309,Castillo de Aurora,Disney™,"$1,099.00",0,4+,187,4.9
310,Woody y Bo Peep,Disney™,$499.00,30%,10+,296,4.9
311,LEGO® Minifigures: Edición Disney 100,Disney™,$129.00,30%,5+,8,3.4
312,Tiovivo Mágico de Anna y Elsa,Disney™,$499.00,0,6+,175,4.9
313,Libro de Cuento: La Sirenita,Disney™,$529.00,0,5+,134,4.7
314,Llavero del Pato Donald,Disney™,$149.00,0,6+,,5.0
315,Joyero Creativo de Elsa,Disney™,$999.00,30%,6+,300,4.8
316,Castillo de Cenicienta y el Príncipe,Disney™,"$2,299.00",0,5+,365,4.9
317,Salón de Baile de Bella,Disney™,$529.00,30%,2+,23,4.7
318,Mickey y sus Amigos: Megapack de Pulseras,Disney™,$799.00,30%,6+,349,5.0
319,Cuentos e Historias: Elsa y el Nokk,Disney™,$469.00,30%,5+,125,4.8
320,Pato Donald,Disney™,$249.00,30%,10+,90,4.8
321,Tren de Cumpleaños de Mickey y Minnie,Disney™,$749.00,0,2+,22,4.9
322,Viaje Encantado de las Princesas,Disney™,"$1,599.00",0,6+,320,4.7
323,Nave Espacial XL-15,Disney™,"$1,299.00",30%,8+,497,4.9
324,Disney Princess: Castillos Creativos,Disney™,$849.00,0,6+,140,5.0
325,Stitch,Disney™,"$1,599.00",0,9+,730,
326,Excursión de Campo de Mickey Mouse y Minnie Mouse,Disney™,$649.00,0,4+,103,4.8
327,Llavero de Elsa LEGO® l Disney Frozen 2,Disney™,$149.00,0,6+,,
328,Elsa y el Establo de Hielo del Nokk,Disney™,$399.00,30%,4+,53,4.8
329,Llavero de Olaf LEGO® l Disney Frozen 2,Disney™,$149.00,0,6+,,
330,Mickey Mouse y Minnie Mouse: Parche para Coser,Disney™,$129.00,30%,8+,95,4.0
331,Duelo contra Zyclops,Disney™,$529.00,30%,4+,87,4.8
332,Cuentos e Historias: Peter Pan y Wendy,Disney™,$529.00,0,5+,111,3.0
333,Winnie the Pooh,Disney™,"$2,599.00",0,18+,1265,4.7
334,Misión Planetaria de Buzz Lightyear,Disney™,$799.00,30%,2+,37,4.8
335,Maceta de Isabela,Disney™,$999.00,0,9+,641,
336,Aventura Campestre,Disney™,"$1,299.00",0,2+,37,5.0
337,Castillo del Rey Magnifico,Disney™,"$2,599.00",0,7+,613,4.9
338,Llavero de Anna LEGO® l Disney Frozen 2,Disney™,$149.00,20%,6+,,
339,Chip y Chop,Disney™,$499.00,30%,10+,226,5.0
340,Pata Daisy,Disney™,$249.00,30%,10+,110,4.8
341,Stitch,Disney™,$249.00,0,10+,152,
342,Llavero de la Pata Daisy,Disney™,$149.00,0,6+,,
343,Cabaña de Asha,Disney™,"$1,299.00",0,7+,509,1.0
344,Mickey Mouse y Minnie Mouse: Caja de Proyectos de Vuelta al Cole,Disney™,"$1,099.00",30%,6+,669,5.0
345,Marco de Fotos y Joyero de Mirabel,Disney™,$759.00,0,6+,334,
346,Frozen: Castillo de Hielo,Disney™,"$1,299.00",30%,2+,59,4.3
347,Goofy y Pluto,Disney™,$349.00,30%,10+,214,4.7
348,Mickey y sus Amigos: Defensores del Castillo,Disney™,"$1,399.00",30%,4+,215,5.0
349,Mickey y sus Amigos: Megapack de Pulseras,DOTS,$799.00,30%,6+,349,5.0
350,Megapack de Diseño de Pulseras,DOTS,$749.00,30%,6+,388,4.8
351,Pack de Accesorios: Hogwarts™,DOTS,$349.00,30%,8+,234,2.7
352,Kit de Herramientas de Diseño: Patrones,DOTS,"$1,599.00",30%,8+,1096,4.9
353,Bandeja Osito Panda,DOTS,$529.00,30%,6+,517,5.0
354,Cajón Animales Creativos,DOTS,$599.00,30%,6+,643,4.7
355,DOTS a Montones: Letras,DOTS,$529.00,30%,6+,722,4.7
356,Megapack de Parches Adhesivos,DOTS,$799.00,30%,6+,486,4.8
357,Kit de Escritorio: Hogwarts™,DOTS,"$1,099.00",30%,8+,856,3.7
358,Mickey Mouse y Minnie Mouse: Parche para Coser,DOTS,$129.00,30%,8+,95,4.0
359,Kit de Fiesta Definitivo,DOTS,"$1,299.00",30%,6+,1154,4.5
360,Portalápices Plátano Adorable,DOTS,$529.00,30%,6+,438,4.9
361,Mickey Mouse y Minnie Mouse: Caja de Proyectos de Vuelta al Cole,DOTS,"$1,099.00",30%,6+,669,5.0
362,Pulsera Mis Mascotas,DOTS,$129.00,30%,6+,37,4.0
363,Pulsera Unicornios Eternos,DOTS,$129.00,30%,8+,37,
364,Caja Grande,DOTS,$799.00,30%,7+,479,4.0
365,Rótulo,DOTS,$529.00,30%,6+,531,4.9
366,DOTS Extra: Edición 8 (Brillos y Destellos),DOTS,$99.00,30%,6+,115,4.9
367,Portalápices Hedwig™,DOTS,$529.00,30%,6+,518,5.0
368,Caja del Corazón,DUPLO®,$469.00,0,1½+,80,5.0
369,Caja de Ladrillos Deluxe,DUPLO®,"$1,299.00",0,1½+,85,4.1
370,Caja de Ladrillos,DUPLO®,$749.00,0,1½+,65,4.7
371,Parque de Atracciones,DUPLO®,"$2,799.00",30%,2+,95,4.9
372,Camión y Excavadora con Orugas,DUPLO®,$469.00,0,2+,20,4.6
373,Buldócer,DUPLO®,$209.00,30%,2+,10,5.0
374,Tren de los Números: Aprende a Contar,DUPLO®,$499.00,0,1½+,23,5.0
375,Momentos de Construcción Creativa,DUPLO®,"$1,099.00",30%,1½+,120,5.0
376,Tren de vapor,DUPLO®,"$1,599.00",0,,59,3.3
377,Tren de Cumpleaños de Mickey y Minnie,DUPLO®,$749.00,0,2+,22,4.9
378,Frozen: Castillo de Hielo,DUPLO®,"$1,299.00",30%,2+,59,4.3
379,Casa Familiar 3en1,DUPLO®,"$3,399.00",30%,3+,218,4.9
380,Castillo Mágico 3en1,DUPLO®,"$2,599.00",0,3+,160,4.6
381,Tren de mercancías,DUPLO®,"$3,399.00",0,,105,4.7
382,Tren de los Animales,DUPLO®,$499.00,0,1½+,19,
383,Diversión en el Autolavado con Rayo McQueen y Mate,DUPLO®,$749.00,0,2+,29,4.9
384,Cuidado de Animales en la Granja,DUPLO®,"$1,299.00",0,2+,74,
385,Rutinas Diarias: Hora del Baño,DUPLO®,$259.00,0,1½+,15,
386,Tren de los Animales,DUPLO®,$469.00,30%,1½+,15,5.0
387,Casa de Pan de Jengibre de Papá Noel,DUPLO®,$999.00,0,2+,50,5.0
388,Aventura en Lanzadera Espacial 3en1,DUPLO®,"$1,499.00",0,3+,58,
389,Puente y vías ferroviarias,DUPLO®,$599.00,0,,26,3.5
390,Spider-Man y sus Amigos: Aventura en la Feria,DUPLO®,"$1,599.00",30%,2+,41,5.0
391,Mack en las Carreras,DUPLO®,$499.00,0,2+,14,
392,Visita al Centro Veterinario,DUPLO®,$499.00,0,2+,28,
393,Camión del Alfabeto,DUPLO®,$999.00,0,2+,36,
394,Gente Construible con Grandes Emociones,DUPLO®,"$1,299.00",0,3+,71,
395,Rutinas Diarias: Comer y Dormir,DUPLO®,$759.00,0,1½+,28,
396,Cuidado de Abejas y Colmenas,DUPLO®,$499.00,0,2+,22,
397,Grandes Sentimientos y Emociones,DUPLO®,$759.00,0,1½+,23,
398,Elsa y Bruni en el Bosque Encantado,DUPLO®,$759.00,0,2+,31,
399,Guardería de Dinosaurios,DUPLO®,$529.00,30%,2+,27,4.9
400,Aparcamiento y Autolavado,DUPLO®,"$2,599.00",30%,2+,112,4.8
401,Casa de Spider-Man,DUPLO®,$529.00,0,2+,25,4.9
402,Casa del Árbol 3en1,DUPLO®,"$2,299.00",0,3+,126,4.8
403,Fauna Salvaje de Sudamérica,DUPLO®,"$1,399.00",30%,2+,71,4.8
404,Misión Planetaria de Buzz Lightyear,DUPLO®,$799.00,30%,2+,37,4.8
405,Ciudad Alfabeto,DUPLO®,"$1,299.00",0,1½+,87,4.9
406,Granja y Animales,DUPLO®,$249.00,30%,2+,11,4.3
407,Obra,DUPLO®,"$1,599.00",0,2+,61,4.8
408,Salón de Baile de Bella,DUPLO®,$529.00,30%,2+,23,4.7
409,Base de Construcción Verde LEGO® DUPLO®,DUPLO®,$399.00,0,1½+,1,5.0
410,Camión de Reciclaje,DUPLO®,$499.00,0,2+,15,4.9
411,Huerto Orgánico,DUPLO®,"$1,099.00",0,1½+,43,4.6
412,Mis Primeros Cachorrito y Gatito con Sonidos,DUPLO®,"$1,099.00",30%,1½+,22,4.9
413,Gran Parque de Juegos,DUPLO®,"$1,299.00",0,2+,75,4.7
414,Mercado Orgánico,DUPLO®,$749.00,0,1½+,40,4.9
415,Paseo en Autobús,DUPLO®,$499.00,0,2+,16,5.0
416,Camión de Bomberos,DUPLO®,$799.00,0,2+,21,4.9
417,Fauna Salvaje del Mundo,DUPLO®,"$3,499.00",0,2+,142,4.9
418,Aerogenerador y Coche Eléctrico,DUPLO®,$259.00,0,2+,16,4.4
419,Diversión en el Baño: Panda Rojo Flotante,DUPLO®,$259.00,30%,1½+,5,4.8
420,Tractor de Frutas y Verduras,DUPLO®,$529.00,0,1½+,19,5.0
421,Diversión en el Baño: Tren de los Animales Flotante,DUPLO®,$529.00,0,1½+,14,4.5
422,Vías ferroviarias,DUPLO®,$499.00,0,,23,5.0
423,Aventura Campestre,DUPLO®,"$1,299.00",0,2+,37,5.0
424,Diversión en el Baño: Isla de los Animales Flotante,DUPLO®,"$1,099.00",30%,1½+,20,4.7
425,Aprende sobre la Cultura China,DUPLO®,"$1,799.00",30%,2+,124,4.9
426,Parque de Bomberos y Helicóptero,DUPLO®,"$2,399.00",0,2+,117,4.8
427,Parque Acuático,DUPLO®,$999.00,0,2+,19,4.8
428,Fauna Salvaje de Asia,DUPLO®,"$2,599.00",30%,2+,116,4.9
429,Vida en la Guardería,DUPLO®,"$1,149.00",30%,2+,67,4.8
430,Casa Familiar con Ruedas,DUPLO®,$529.00,0,2+,31,4.7
431,Planta de Zanahoria,DUPLO®,$259.00,0,1½+,11,4.2
432,Comisaría de Policía y Helicóptero,DUPLO®,"$1,299.00",0,2+,40,5.0
433,Fauna Salvaje del Océano,DUPLO®,$529.00,0,2+,32,4.9
434,Fauna Salvaje de África,DUPLO®,$259.00,0,2+,10,3.0
435,Visita Médica,DUPLO®,$529.00,30%,2+,34,4.9
436,Fauna Salvaje de Europa,DUPLO®,"$1,899.00",0,2+,85,5.0
437,Moto de Policía,DUPLO®,$259.00,0,2+,5,5.0
438,Misión de la Lanzadera Espacial,DUPLO®,$469.00,0,2+,23,5.0
439,Jardín Botánico,Friends,"$1,999.00",0,12+,1072,5.0
440,Mansión Moderna de Andrea,Friends,"$4,999.00",0,14+,2275,
441,Floristería y Tienda de Diseño del Centro,Friends,"$3,999.00",20%,12+,2010,4.8
442,Casas Familiares de Olly y Paisley,Friends,"$2,599.00",0,7+,1126,
443,Escuela de Arte de Emma,Friends,"$1,899.00",30%,8+,844,4.9
444,Edificio de la Calle Principal,Friends,"$3,999.00",30%,8+,1682,5.0
445,Casita con Ruedas,Friends,"$1,599.00",0,7+,785,4.9
446,Centro Comercial de Heartlake City,Friends,"$2,999.00",0,8+,1237,
447,Hospital de Heartlake City,Friends,"$2,799.00",0,7+,1045,
448,Centro Comunitario de Heartlake City,Friends,"$3,699.00",0,9+,1513,4.9
449,Cocina Comunitaria de Heartlake City,Friends,"$1,699.00",0,8+,695,5.0
450,Restaurante Clásico de Heartlake,Friends,$749.00,0,6+,346,5.0
451,Supermercado Orgánico,Friends,"$2,299.00",30%,8+,830,4.9
452,Coche Eléctrico de Olivia,Friends,$349.00,30%,6+,183,4.9
453,Tienda de Dónuts,Friends,$259.00,30%,4+,63,5.0
454,Academia Espacial de Olivia,Friends,"$1,799.00",30%,8+,757,4.9
455,Vehículo de Salvamento de Tortugas,Friends,$259.00,30%,6+,90,4.8
456,Calendario de Adviento 2023 LEGO® Friends,Friends,$869.00,30%,6+,231,3.1
457,Escuela Internacional de Heartlake,Friends,"$2,599.00",0,8+,985,4.8
458,Boutique de Moda Móvil,Friends,$259.00,30%,6+,94,4.9
459,Casa de Paisley,Friends,$999.00,0,4+,185,5.0
460,Puesto Móvil de Té de Burbujas,Friends,$259.00,30%,6+,109,4.6
461,Peluquería,Friends,$999.00,20%,6+,401,4.8
462,Aventura en el Iglú,Friends,"$1,299.00",30%,8+,491,4.9
463,Autobús de Heartlake City,Friends,"$1,299.00",0,7+,480,4.7
464,Base Espacial de Marte y Cohete,Friends,"$1,999.00",0,8+,981,
465,Pastelería Móvil,Friends,$279.00,0,6+,125,
466,Autobús de Gran Gira Musical,Friends,"$2,199.00",0,8+,845,
467,Espectáculo de Talentos Musicales de Heartlake City,Friends,"$1,599.00",0,7+,669,
468,Bosque: Cascada,Friends,$249.00,30%,5+,93,4.8
469,Fiesta Musical de Karaoke,Friends,$499.00,0,6+,196,
470,Albergue de Animales de Granja,Friends,"$1,399.00",0,6+,489,
471,Vehículo de Observación de Estrellas,Friends,$759.00,0,7+,364,
472,Aventura en el Parque Felino,Friends,$279.00,0,5+,87,
473,Escuela de Teatro de Andrea,Friends,"$2,599.00",30%,8+,1154,4.8
474,Tienda de Moda Retro,Friends,"$1,149.00",0,6+,409,
475,Coche Eléctrico y Cargador,Friends,$399.00,0,6+,170,
476,Parque para Hámsters,Friends,$499.00,0,6+,167,
477,Ambulancia del Hospital de Heartlake City,Friends,$869.00,0,6+,344,
478,Hotel Felino,Friends,$749.00,30%,6+,445,5.0
479,Puesto de Tortitas,Friends,$279.00,0,6+,157,5.0
480,Casa del Árbol de la Amistad,Friends,"$2,099.00",0,8+,1114,4.6
481,Camión de Perritos Calientes,Friends,$499.00,0,4+,100,
482,Minitienda de Accesorios,Friends,$279.00,0,6+,129,
483,Parque de Atracciones en la Playa,Friends,"$2,999.00",0,12+,1348,4.8
484,Centro de Día para Mascotas,Friends,"$1,799.00",30%,7+,593,4.9
485,Camión de los Helados,Friends,$529.00,30%,4+,84,4.9
486,Divertido Buggy Playero,Friends,$279.00,0,4+,61,4.4
487,Habitación de Nova,Friends,$499.00,0,6+,179,4.8
488,Casa de Autumn,Friends,"$1,799.00",0,7+,853,4.9
489,Habitación de Liann,Friends,$499.00,0,6+,204,5.0
490,Pista de Esquí y Cafetería,Friends,"$1,999.00",0,9+,980,4.9
491,Parque Acuático,Friends,"$1,299.00",30%,6+,373,4.9
492,Bici de Rescate Canino,Friends,$259.00,0,6+,125,4.9
493,Granja Orgánica,Friends,"$2,399.00",30%,7+,826,5.0
494,Vehículo de Plantación de Árboles,Friends,$799.00,30%,6+,336,4.9
495,Excursión de Vacaciones,Friends,$499.00,20%,4+,87,4.8
496,Habitación de Leo,Friends,$499.00,0,6+,203,4.8
497,Pizzería de Heartlake City,Friends,$399.00,30%,5+,144,4.9
498,Salón Recreativo Roller Disco,Friends,"$1,599.00",30%,7+,642,4.9
499,Unidad Móvil de Noticias,Friends,$759.00,0,6+,446,4.9
500,Centro de Rescate Canino,Friends,"$1,499.00",0,7+,617,5.0
501,Cobertizo del Ternero de Autumn,Friends,$279.00,0,5+,79,
502,Día de Adopción de Mascotas,Friends,"$1,149.00",0,6+,400,
503,Remolque para Caballo y Poni,Friends,$499.00,0,4+,105,
504,Avión de Rescate Marítimo,Friends,$499.00,0,6+,203,5.0
505,Camión de Reciclaje,Friends,$529.00,30%,6+,259,4.7
506,Barco de Rescate Marítimo,Friends,"$1,999.00",0,7+,717,4.8
507,Aventura Marinera de Stephanie,Friends,"$1,099.00",0,7+,304,5.0
508,Centro Deportivo,Friends,"$2,399.00",0,8+,832,4.9
509,Clínica Veterinaria de Animales de Granja,Friends,$759.00,0,4+,161,
510,Parque de Skate,Friends,"$1,299.00",20%,6+,431,4.9
511,Clase de Equitación,Friends,$759.00,0,4+,134,5.0
512,Habitación de Aliya,Friends,$499.00,0,6+,209,4.8
513,Furgoneta de Rescate Canino,Friends,$749.00,20%,6+,300,4.7
514,Establo de Autumn,Friends,"$1,499.00",0,7+,545,4.7
515,Estación de Lavado de Ponis,Friends,$259.00,30%,4+,60,4.9
516,Centro de Rescate Marítimo,Friends,"$1,299.00",0,7+,376,4.7
517,Rescate de la Fauna Salvaje de Mia,Friends,"$1,299.00",30%,7+,430,4.9
518,Glamping en la Playa,Friends,"$1,099.00",30%,6+,380,4.9
519,Cafetería de Adopción de Mascotas,Friends,$799.00,30%,6+,292,4.9
520,Remolque de Exhibición Equina,Friends,"$2,599.00",0,8+,989,5.0
521,Banco Mágico Gringotts™: Edición para Coleccionistas,Harry Potter™,"$10,499.00",0,18+,4801,4.8
522,Castillo de Hogwarts™,Harry Potter™,"$10,999.00",0,16+,6020,4.7
523,Castillo y Terrenos de Hogwarts™,Harry Potter™,"$4,199.00",0,18+,2660,4.6
524,Callejón Diagon,Harry Potter™,"$10,499.00",0,16+,5544,4.6
525,Dobby™ el Elfo Doméstico,Harry Potter™,$869.00,0,8+,403,4.8
526,Iconos de Hogwarts™: Edición para Coleccionistas,Harry Potter™,"$7,499.00",0,18+,3010,4.8
527,Dragón Colacuerno Húngaro,Harry Potter™,"$1,299.00",0,10+,671,4.6
528,Expreso de Hogwarts: Edición para Coleccionistas,Harry Potter™,"$12,499.00",30%,18+,5129,3.9
529,Batalla de Hogwarts™,Harry Potter™,"$1,999.00",0,9+,730,4.6
530,Expecto Patronum,Harry Potter™,"$1,799.00",0,14+,754,4.4
531,Ministerio de Magia,Harry Potter™,"$2,599.00",30%,9+,990,3.6
532,Ford Anglia™ Volador,Harry Potter™,$349.00,0,7+,165,
533,Hogwarts™: Sala de los Menesteres,Harry Potter™,"$1,299.00",20%,8+,587,4.8
534,Hogwarts™: Cámara Secreta,Harry Potter™,"$3,999.00",0,9+,1176,4.4
535,Cabaña de Hagrid: Una Visita Inesperada,Harry Potter™,"$1,899.00",0,8+,896,
536,Callejón Diagon: Sortilegios Weasley,Harry Potter™,"$2,299.00",0,8+,834,4.9
537,Ala de Enfermería de Hogwarts™,Harry Potter™,"$1,299.00",30%,8+,510,4.6
538,Torneo de los Tres Magos: El Lago Negro,Harry Potter™,"$1,099.00",0,8+,349,4.7
539,"Harry, Hermione, Ron y Hagrid™",Harry Potter™,$619.00,30%,10+,466,4.7
540,Llavero de Hermione,Harry Potter™,$149.00,0,6+,,
541,Lechucería del Castillo de Hogwarts™,Harry Potter™,"$1,149.00",0,8+,364,
542,Patio de Hogwarts™: Rescate de Sirius,Harry Potter™,"$1,299.00",30%,8+,345,2.9
543,Estandarte de la Casa Slytherin™,Harry Potter™,$849.00,30%,9+,349,3.7
544,Visita a la Aldea de Hogsmeade™,Harry Potter™,"$2,299.00",0,8+,851,4.5
545,Harry Potter™ y Cho Chang,Harry Potter™,$499.00,0,10+,267,5.0
546,Bosque Prohibido: Criaturas Mágicas,Harry Potter™,$759.00,0,8+,172,
547,Tren Hogwarts Express™ con estación de Hogsmeade™,Harry Potter™,"$3,399.00",0,8+,1074,4.6
548,Hogwarts™: Despacho de Dumbledore,Harry Potter™,"$2,099.00",0,8+,654,4.7
549,Casa de los Gritos y Sauce Boxeador,Harry Potter™,"$2,399.00",0,9+,777,4.8
550,Baúl de Quidditch™,Harry Potter™,"$1,699.00",0,9+,599,4.4
551,Cobertizo del Castillo de Hogwarts™,Harry Potter™,$949.00,0,8+,350,
552,Número 12 de Grimmauld Place,Harry Potter™,"$3,199.00",0,8+,1083,4.3
553,Torre de Astronomía de Hogwarts™,Harry Potter™,"$2,599.00",0,9+,971,4.5
554,Baúl Mágico de Hogwarts™,Harry Potter™,"$1,599.00",30%,8+,603,4.2
555,LEGO® Harry Potter™: Calendario de Adviento 2023,Harry Potter™,"$1,149.00",30%,7+,227,4.0
556,Carruaje y Thestrals de Hogwarts™,Harry Potter™,$529.00,0,7+,121,4.5
557,Hedwig™ en el Número 4 de Privet Drive,Harry Potter™,$499.00,0,7+,337,
558,Estandarte de la Casa Gryffindor™,Harry Potter™,$849.00,30%,9+,285,4.4
559,Llavero de Voldemort™,Harry Potter™,$149.00,30%,6+,,
560,Número 4 de Privet Drive,Harry Potter™,"$1,999.00",0,8+,797,4.7
561,Pack de Accesorios: Hogwarts™,Harry Potter™,$349.00,30%,8+,234,2.7
562,Profesores de Hogwarts™,Harry Potter™,$999.00,30%,10+,601,4.8
563,Llavero de Dumbledore,Harry Potter™,$149.00,30%,6+,,5.0
564,Draco Malfoy™ y Cedric Diggory,Harry Potter™,$499.00,0,10+,262,5.0
565,Kit de Escritorio: Hogwarts™,Harry Potter™,"$1,099.00",30%,8+,856,3.7
566,Kingsley Shacklebolt™ y Nymphadora Tonks™,Harry Potter™,$499.00,20%,10+,250,5.0
567,Llavero de Harry Potter™,Harry Potter™,$149.00,0,6+,,5.0
568,Hogwarts™: Fallo de la Poción Multijugos,Harry Potter™,$469.00,0,7+,217,4.8
569,Estandarte de la Casa Hufflepuff™,Harry Potter™,$849.00,20%,9+,313,4.3
570,Hedwig™,Harry Potter™,$999.00,0,10+,630,4.6
571,Estandarte de la Casa Ravenclaw™,Harry Potter™,$849.00,30%,9+,305,4.3
572,Portalápices Hedwig™,Harry Potter™,$529.00,30%,6+,518,5.0
573,Llavero de Ron,Harry Potter™,$149.00,20%,6+,,
574,Cámara Polaroid OneStep SX-70,Ideas,"$1,999.00",0,18+,516,4.6
575,Tren Orient Express,Ideas,"$7,499.00",0,18+,2540,4.0
576,The Office,Ideas,"$2,999.00",0,18+,1164,4.5
577,Vincent van Gogh: La Noche Estrellada,Ideas,"$4,299.00",0,18+,2316,4.9
578,LEGO® Ideas: Home Alone,Ideas,"$7,299.00",0,18+,3955,4.8
579,Historias de la Era Espacial,Ideas,"$1,299.00",0,18+,688,4.8
580,Colección de Insectos,Ideas,"$1,999.00",0,18+,1111,4.9
581,Disney El Retorno de las Brujas: Cabaña de las Hermanas Sanderson,Ideas,"$5,499.00",0,18+,2316,4.6
582,Globo Terráqueo,Ideas,"$5,499.00",0,18+,2585,4.6
583,Cabaña en A,Ideas,"$4,299.00",0,18+,2082,4.9
584,BTS Dynamite,Ideas,"$2,599.00",20%,18+,749,4.7
585,Cuarteto de Jazz,Ideas,"$2,599.00",0,18+,1606,4.7
586,Casa del Árbol,Ideas,"$5,799.00",0,16+,3036,4.6
587,LEGO® Ideas: Fender® Stratocaster™,Ideas,"$2,999.00",0,18+,1074,4.7
588,Máquina de Escribir,Ideas,"$6,199.00",0,18+,2079,4.4
589,Poblado Vikingo,Ideas,"$3,399.00",0,18+,2103,4.8
590,Piano de Cola,Ideas,"$9,499.00",0,18+,3662,5.0
591,Faro Motorizado,Ideas,"$7,499.00",30%,18+,2065,4.6
592,Sonic the Hedgehog™ – Green Hill Zone,Ideas,"$1,999.00",0,18+,1125,4.6
593,Futbolín,Ideas,"$6,199.00",40%,18+,2339,3.9
594,Winnie the Pooh,Ideas,"$2,599.00",0,18+,1265,4.7
595,Herrería Medieval,Ideas,"$4,299.00",0,18+,2164,4.9
596,Árbol de la Familia,Ideas,"$1,999.00",0,18+,1040,
597,Fósiles de Dinosaurio: Cráneo de T. rex,Jurassic World,$999.00,0,9+,577,
598,Fuga del T. rex,Jurassic World,"$2,599.00",0,18+,1212,4.6
599,Centro de Rescate de Crías de Dinosaurio,Jurassic World,$999.00,0,4+,139,
600,Descubrimiento del Braquiosaurio,Jurassic World,"$1,999.00",0,9+,512,4.4
601,Emboscada al Dilofosaurio,Jurassic World,$499.00,0,6+,211,4.6
602,Análisis del Triceratops,Jurassic World,"$1,299.00",0,8+,281,3.9
603,Huida del Velocirraptor,Jurassic World,$999.00,0,4+,137,3.1
604,Persecución en Moto del Dinosaurio Atrocirraptor,Jurassic World,$529.00,30%,6+,169,4.6
605,Centro de Visitantes: T. rex y Ataque del Raptor,Jurassic World,"$3,399.00",30%,12+,693,4.3
606,Ataque del Giganotosaurio y el Therizinosaurio,Jurassic World,"$3,699.00",0,9+,810,4.9
607,Fuga de los Dinosaurios T. rex y Atrocirraptor,Jurassic World,"$2,599.00",30%,8+,466,4.7
608,Emboscada en Furgoneta del Triceratops,Jurassic World,"$1,099.00",30%,7+,210,5.0
609,Fuga del Dinosaurio T. rex,Jurassic World,"$1,299.00",0,4+,140,4.3
610,Captura de los Velocirraptores Blue y Beta,Jurassic World,$799.00,0,6+,181,4.8
611,Emboscada Aérea del Quetzalcoatlus,Jurassic World,"$1,099.00",30%,7+,306,4.9
612,Transporte del Pyrorraptor y el Dilofosaurio,Jurassic World,"$1,099.00",0,7+,254,4.4
613,Caza del Pteranodon,Jurassic World,$529.00,30%,4+,94,4.8
614,MiniNook y casa de Minina,LEGO® Animal Crossing™,"$1,899.00",0,7+,535,
615,La visita de Canela,LEGO® Animal Crossing™,$999.00,0,6+,389,
616,Paseo en barca con el Capitán,LEGO® Animal Crossing™,$759.00,0,6+,233,
617,Fiesta de cumpleaños de Azulino,LEGO® Animal Crossing™,$349.00,0,6+,170,
618,Bunnie's Outdoor Activities,LEGO® Animal Crossing™,$499.00,0,6+,164,
619,Hokusai: La Gran Ola,LEGO® Art,"$2,599.00",0,18+,1810,4.7
620,El Increíble Spider-Man,LEGO® Art,"$4,999.00",0,18+,2099,5.0
621,Arte Floral,LEGO® Art,"$2,099.00",30%,18+,2870,4.3
622,Colección Fauna: Guacamayos,LEGO® Art,"$1,499.00",0,18+,644,5.0
623,The Rolling Stones,LEGO® Art,"$3,999.00",30%,18+,1998,3.1
624,Arte Moderno,LEGO® Art,"$1,299.00",0,18+,805,3.7
625,Jim Lee: Colección de Batman™,LEGO® Art,"$3,199.00",30%,18+,4167,4.8
626,Mapamundi,LEGO® Art,"$6,199.00",0,18+,11695,4.3
627,Toruk Makto y Árbol de las Almas,LEGO® Avatar,"$3,999.00",0,12+,1212,4.7
628,Montañas Flotantes: Sector 26 y Samson de la RDA,LEGO® Avatar,"$2,599.00",40%,9+,887,4.8
629,Primer Vuelo en Banshee de Jake y Neytiri,LEGO® Avatar,"$1,599.00",0,9+,572,4.9
630,Neytiri y Thanator vs. Quaritch con Armadura AMP,LEGO® Avatar,"$1,099.00",30%,9+,560,4.8
631,Descubrimiento del Ilu,LEGO® Avatar,$599.00,0,8+,179,5.0
632,Aventura en Skimwing,LEGO® Avatar,$849.00,0,8+,259,4.8
633,Submarino Mako,LEGO® Avatar,"$1,499.00",30%,9+,553,4.8
634,Jake Sully y su Avatar,LEGO® Avatar,$499.00,40%,10+,246,5.0
635,Payakan el Tulkun y Crabsuit,LEGO® Avatar,"$2,599.00",30%,10+,761,4.7
636,Hogar en el Arrecife de los Metkayina,LEGO® Avatar,"$1,999.00",30%,9+,528,4.8
637,Navetiburón de las Pesadillas,LEGO® DREAMZzz™,"$3,699.00",0,10+,1389,4.8
638,Aldea de los Sueños,LEGO® DREAMZzz™,$699.00,0,7+,434,4.8
639,Furgoneta-Tortuga de la Sra. Castillo,LEGO® DREAMZzz™,"$1,199.00",0,7+,434,4.9
640,Globo-Narval de Izzie,LEGO® DREAMZzz™,$399.00,0,7+,156,
641,Mateo y Z-Blob Robot,LEGO® DREAMZzz™,$499.00,0,7+,237,4.9
642,Coche Todoterreno de Mateo,LEGO® DREAMZzz™,$259.00,0,7+,94,
643,Torre del Sandman,LEGO® DREAMZzz™,"$2,299.00",0,9+,723,
644,Coche Espacial del Sr. Oz,LEGO® DREAMZzz™,$759.00,0,8+,350,
645,Zoey y Zian el Gato-Búho,LEGO® DREAMZzz™,"$1,299.00",0,9+,437,
646,Casa del Árbol Fantástica,LEGO® DREAMZzz™,"$2,799.00",0,9+,1257,4.9
647,Autobús Espacial del Sr. Oz,LEGO® DREAMZzz™,"$2,599.00",0,9+,878,5.0
648,Coche-Cocodrilo,LEGO® DREAMZzz™,"$1,499.00",0,8+,494,4.9
649,Monstruo de la Jaula,LEGO® DREAMZzz™,$949.00,0,7+,274,5.0
650,Caballo Volador Pegaso,LEGO® DREAMZzz™,"$1,299.00",0,8+,482,4.9
651,Izzie y el Conejo Bunchu,LEGO® DREAMZzz™,$499.00,0,7+,259,5.0
652,Establo de Criaturas de los Sueños,LEGO® DREAMZzz™,"$1,999.00",0,8+,681,4.8
653,Pack del Mundo Sueños,LEGO® DREAMZzz™,"$3,998.00",0,8+,,
654,Pack de Criaturas Míticas,LEGO® DREAMZzz™,"$3,298.00",0,8+,,
655,La Casa de Muñecas de Gabby,LEGO® La Casa de Muñecas de Gabby,"$1,999.00",0,4+,498,4.3
656,Fiesta en el Jardín de Hadigata,LEGO® La Casa de Muñecas de Gabby,$869.00,0,4+,130,5.0
657,Barco y Spa de Gabby y Siregata,LEGO® La Casa de Muñecas de Gabby,$499.00,0,4+,88,4.8
658,Horno de Muffin,LEGO® La Casa de Muñecas de Gabby,$279.00,0,4+,58,5.0
659,Ramo de Rosas,LEGO® Icons,"$1,499.00",0,18+,822,5.0
660,Plantas Diminutas,LEGO® Icons,"$1,299.00",0,18+,758,4.8
661,Ramo de Flores Silvestres,LEGO® Icons,"$1,499.00",0,18+,939,4.9
662,Bonsái,LEGO® Icons,"$1,299.00",0,18+,878,4.5
663,Orquídeas,LEGO® Icons,"$1,299.00",0,18+,608,4.8
664,Torre Eiffel,LEGO® Icons,"$14,999.00",0,18+,10001,4.2
665,LEGO®: Titanic,LEGO® Icons,"$16,499.00",0,18+,9090,4.8
666,Ramo de Flores,LEGO® Icons,"$1,499.00",0,18+,756,4.9
667,Museo de Historia Natural,LEGO® Icons,"$7,499.00",0,18+,4014,4.7
668,Concorde,LEGO® Icons,"$4,999.00",0,18+,2083,4.8
669,Máquina de PAC-MAN,LEGO® Icons,"$6,699.00",0,18+,2651,4.8
670,Castillo de los Caballeros del León,LEGO® Icons,"$9,499.00",30%,18+,4514,4.7
671,EL SEÑOR DE LOS ANILLOS: RIVENDEL,LEGO® Icons,"$12,499.00",0,18+,6167,4.9
672,Corvette,LEGO® Icons,"$3,999.00",0,18+,1210,4.8
673,Suculentas,LEGO® Icons,"$1,299.00",0,18+,771,4.8
674,Jardín Meditativo,LEGO® Icons,"$2,799.00",0,18+,1363,5.0
675,Chevrolet Camaro Z28,LEGO® Icons,"$4,099.00",30%,18+,1456,4.7
676,Refugio Alpino,LEGO® Icons,"$2,599.00",0,18+,1517,4.7
677,Centro de Flores Secas,LEGO® Icons,"$1,299.00",0,18+,812,4.7
678,Porsche 911,LEGO® Icons,"$4,099.00",0,18+,1458,4.6
679,Máquina del Tiempo de Regreso al Futuro,LEGO® Icons,"$4,999.00",0,18+,1872,4.5
680,Montaña Rusa con Rizos,LEGO® Icons,"$9,499.00",30%,18+,3756,4.0
681,Fortaleza Eldorado,LEGO® Icons,"$5,299.00",0,18+,2509,4.7
682,Transbordador Espacial Discovery de la NASA,LEGO® Icons,"$4,999.00",0,18+,2354,4.8
683,Vespa 125,LEGO® Icons,"$2,599.00",0,18+,1107,3.9
684,Club de Jazz,LEGO® Icons,"$5,499.00",0,18+,2899,4.2
685,Atari® 2600,LEGO® Icons,"$5,799.00",30%,18+,2532,4.8
686,Dune: Atreides Royal Ornithopter,LEGO® Icons,"$4,099.00",0,18+,1369,
687,Land Rover Classic Defender 90,LEGO® Icons,"$5,799.00",0,18+,2336,4.3
688,ECTO-1 de los Cazafantasmas,LEGO® Icons,"$5,799.00",0,18+,2352,4.6
689,Casa Encantada de la Feria,LEGO® Icons,"$7,299.00",0,18+,3231,4.5
690,Hotel Boutique,LEGO® Icons,"$5,499.00",0,18+,3066,4.5
691,Optimus Prime,LEGO® Icons,"$4,299.00",0,18+,1508,4.2
692,Furgoneta Clásica,LEGO® Icons,"$3,399.00",0,18+,1677,4.1
693,Calle Principal en Navidad,LEGO® Icons,"$2,599.00",0,18+,1514,4.3
694,Galaxy Explorer,LEGO® Icons,"$2,599.00",30%,18+,1254,4.8
695,Coliseo,LEGO® Icons,"$12,999.00",30%,18+,9036,4.3
696,Estadio del Real Madrid – Santiago Bernabéu,LEGO® Icons,"$9,499.00",30%,18+,5876,4.8
697,Apartamentos de Friends,LEGO® Icons,"$4,299.00",0,18+,2048,4.6
698,Ave del Paraíso,LEGO® Icons,"$2,599.00",0,18+,1173,4.6
699,Comisaría de Policía,LEGO® Icons,"$4,999.00",30%,18+,2923,4.5
700,Visita de Papá Noel,LEGO® Icons,"$2,599.00",20%,18+,1445,4.8
701,Huida de la Tumba Perdida,LEGO® Indiana Jones™,$999.00,30%,8+,600,4.8
702,Templo del Ídolo Dorado,LEGO® Indiana Jones™,"$3,999.00",0,18+,1545,4.8
703,Persecución del Caza,LEGO® Indiana Jones™,$849.00,0,8+,387,4.6
704,Planta Piraña,LEGO® Super Mario™,"$1,499.00",0,18+,540,4.7
705,Nintendo Entertainment System™,LEGO® Super Mario™,"$6,499.00",0,18+,2646,4.7
706,El Poderoso Bowser™,LEGO® Super Mario™,"$6,499.00",0,18+,2807,5.0
707,Pack Inicial: Aventuras con Mario,LEGO® Super Mario™,"$1,499.00",0,6+,231,3.5
708,Bloque Interrogación de Super Mario 64™,LEGO® Super Mario™,"$4,999.00",0,18+,2064,4.7
709,Set de Expansión: Coche monstruoso de Bowser,LEGO® Super Mario™,$759.00,0,8+,458,
710,Set de Expansión: Aventura en la nieve de la familia Pingüi,LEGO® Super Mario™,$469.00,0,7+,228,5.0
711,Set de Expansión: Caco Gazapo en la tienda de Toad,LEGO® Super Mario™,$469.00,0,7+,230,
712,Set de Expansión: Huevo de Yoshi en el bosque,LEGO® Super Mario™,$259.00,0,6+,107,
713,Set de Expansión: Dorrie y el buque naufragado,LEGO® Super Mario™,"$1,149.00",0,7+,500,
714,Pack Inicial: Aventuras con Peach,LEGO® Super Mario™,"$1,499.00",0,6+,354,4.3
715,Set de Expansión: Batalla contra Bowsitos en el castillo,LEGO® Super Mario™,"$2,799.00",0,8+,1321,4.5
716,Set de Expansión: Fortalezas aéreas de Larry y Morton,LEGO® Super Mario™,"$1,999.00",0,8+,1062,5.0
717,Set de Expansión: Cabezazo del Picacóndor,LEGO® Super Mario™,$349.00,30%,6+,130,4.5
718,Set de Expansión: Casa del árbol de Donkey Kong,LEGO® Super Mario™,"$1,499.00",0,8+,555,4.9
719,Set de Expansión: Castillo de Peach,LEGO® Super Mario™,"$3,499.00",0,8+,1216,2.9
720,Pack Inicial: Aventuras con Luigi,LEGO® Super Mario™,"$1,499.00",0,6+,280,4.8
721,Set de Expansión: Desafío en las nubes del Gran Spike,LEGO® Super Mario™,"$1,899.00",30%,7+,540,3.4
722,Set de Expansión: Traje de Mario de Hielo y Mundo Helado,LEGO® Super Mario™,$599.00,20%,6+,105,4.5
723,Set de Expansión: Zapato Goomba,LEGO® Super Mario™,$259.00,30%,6+,76,4.5
724,"Set de Expansión: Rambi, el rinoceronte",LEGO® Super Mario™,$279.00,0,7+,106,4.0
725,Set de Expansión: Casa-regalo de Yoshi,LEGO® Super Mario™,$799.00,30%,6+,246,5.0
726,Set de Expansión: Torre de Hielo y Traje de Peach Felina,LEGO® Super Mario™,"$2,099.00",30%,7+,494,5.0
727,Set de Expansión: Gran ola de lava,LEGO® Super Mario™,$849.00,20%,7+,218,4.9
728,Set de Expansión: Vagoneta minera de Diddy Kong,LEGO® Super Mario™,"$2,799.00",0,8+,1157,5.0
729,Set de Expansión: Pícnic en casa de Mario,LEGO® Super Mario™,$949.00,0,6+,259,4.7
730,Set de Expansión: Aventura en la nieve de la Morsik,LEGO® Super Mario™,"$1,599.00",20%,7+,567,4.9
731,Set de Expansión: Paseo en globo por el jardín de Peach,LEGO® Super Mario™,"$1,299.00",0,7+,453,4.9
732,Set de Expansión: Jaleo en la jungla con Dixie Kong,LEGO® Super Mario™,$679.00,0,7+,174,4.7
733,Set de Creación: Caja de herramientas creativas,LEGO® Super Mario™,"$1,499.00",20%,6+,588,5.0
734,Packs de Personajes: Edición 6,LEGO® Super Mario™,$159.00,30%,7+,52,3.9
735,Set de Expansión: Gran Isla del Mal,LEGO® Super Mario™,"$1,099.00",30%,7+,354,4.9
736,EL SEÑOR DE LOS ANILLOS: RIVENDEL,Lord of the Rings™,"$12,499.00",0,18+,6167,4.9
737,Aragorn™ y Arwen™,Lord of the Rings™,$499.00,20%,10+,261,5.0
738,Frodo™ y Gollum™,Lord of the Rings™,$359.00,20%,10+,184,4.7
739,Gandalf el Gris y Balrog™,Lord of the Rings™,$499.00,0,10+,348,4.7
740,Torre de los Vengadores,Marvel,"$12,499.00",0,18+,5201,4.8
741,Batalla Final de Spider-Man,Marvel,"$2,799.00",0,10+,900,4.8
742,Spiderman vs. Sandman: Batalla Final,Marvel,$949.00,0,10+,347,5.0
743,X-Jet de los X-Men,Marvel,"$2,199.00",0,8+,359,2.5
744,Máscara de Spider-Man,Marvel,"$1,799.00",0,18+,487,
745,Daily Bugle,Marvel,"$8,699.00",0,18+,3772,4.6
746,Guantelete del Infinito,Marvel,"$1,999.00",0,18+,590,5.0
747,Llavero de Miles Morales,Marvel,$149.00,0,6+,,5.0
748,Escudo del Capitán América,Marvel,"$4,999.00",0,18+,3128,4.7
749,Santuario,Marvel,"$6,199.00",30%,18+,2708,4.6
750,Armadura Robótica de Máquina de Guerra,Marvel,$349.00,0,6+,154,
751,Persecución en Moto: Spider-Man vs. Doc Ock,Marvel,$259.00,0,6+,77,
752,Figura de Miles Morales,Marvel,$649.00,30%,8+,238,4.5
753,Quinjet de los Vengadores,Marvel,"$2,599.00",0,9+,795,4.8
754,Hulkbuster: Batalla de Wakanda,Marvel,"$1,299.00",0,8+,385,4.0
755,Nanoguantelete,Marvel,"$1,799.00",0,18+,675,4.4
756,Martillo de Thor,Marvel,"$2,599.00",0,18+,979,4.4
757,El Increíble Spider-Man,Marvel,"$4,999.00",0,18+,2099,5.0
758,Armadura Robótica de Venom vs. Miles Morales,Marvel,$349.00,0,6+,134,
759,Figura de Spider-Man,Marvel,$649.00,0,8+,258,5.0
760,Nave de Baby Rocket,Marvel,$849.00,0,8+,330,4.8
761,Base de los Guardianes de la Galaxia,Marvel,$259.00,0,7+,67,4.6
762,Llavero de Spider-Man,Marvel,$149.00,0,6+,,
763,Rocket y Bebé Groot,Marvel,"$1,499.00",0,10+,566,5.0
764,Llavero de Loki,Marvel,$149.00,0,6+,,
765,Coche de Carreras de Spider-Man y Duende Verde Venomizado,Marvel,$869.00,0,7+,227,
766,Llavero de la Bruja Escarlata,Marvel,$149.00,0,6+,,4.5
767,Llavero de Spider Fantasma,Marvel,$149.00,0,6+,,
768,Warbird de Rocket vs. Ronan,Marvel,$949.00,0,8+,290,
769,Calendario de Adviento de Los Vengadores,Marvel,"$1,149.00",30%,7+,243,1.9
770,Yo Soy Groot,Marvel,"$1,399.00",0,10+,476,4.5
771,Hulkbuster​,Marvel,"$12,999.00",20%,18+,4049,3.8
772,Meca y Moto del Motorista Fantasma,Marvel,$849.00,0,7+,264,4.8
773,Figura de Venom,Marvel,$649.00,30%,8+,297,4.4
774,Cuartel General Arácnido del Equipo Spidey,Marvel,"$1,399.00",0,4+,193,
775,Armadura Robótica de Thanos,Marvel,$349.00,30%,6+,113,4.3
776,Armería de Iron Man,Marvel,"$2,399.00",30%,7+,496,2.8
777,Groot Venomizado,Marvel,"$1,299.00",0,10+,630,4.5
778,Motos de Viuda Negra y el Capitán América,Marvel,$399.00,0,6+,130,4.6
779,Batalla Final de Endgame,Marvel,"$2,599.00",30%,10+,794,4.6
780,Black Panther,Marvel,"$8,699.00",40%,18+,2961,3.8
781,Armadura Robótica de Rocket,Marvel,$349.00,0,6+,98,4.2
782,Base Móvil del Equipo Spidey,Marvel,"$1,299.00",0,4+,187,5.0
783,Spidey vs. Duende Verde,Marvel,$499.00,0,4+,84,
784,Hoopty,Marvel,"$2,299.00",0,8+,420,2.7
785,Llavero de Groot,Marvel,$149.00,0,6+,,
786,Figura para Construir: Lobezno,Marvel,$829.00,0,8+,327,4.6
787,Figura para Construir: Capitán América,Marvel,$829.00,0,8+,310,4.8
788,Garras de Adamantium de Wolverine,Marvel,"$1,799.00",0,18+,596,4.3
789,Llavero de Black Panther,Marvel,$149.00,30%,6+,,5.0
790,Llavero de Iron Man,Marvel,$149.00,0,6+,,
791,Casco de Star-Lord,Marvel,"$1,999.00",0,18+,602,4.5
792,Venom,Marvel,"$1,799.00",0,18+,565,4.2
793,Figura de Iron Man,Marvel,"$1,099.00",0,9+,381,4.7
794,Coche de Spider-Man y Doc Ock,Marvel,$259.00,0,4+,48,5.0
795,LEGO® Minifigures Marvel: 2ª Edición,Marvel,$129.00,30%,5+,10,2.2
796,Sala del Trono del Rey Namor,Marvel,$799.00,0,7+,355,4.0
797,Miles Morales vs. Morbius,Marvel,$599.00,0,7+,220,4.9
798,Figura para Construir: Ant-Man,Marvel,$849.00,0,8+,289,4.7
799,Ataque sobre Nuevo Asgard,Marvel,$529.00,30%,7+,159,5.0
800,Llavero de Carnage,Marvel,$149.00,30%,6+,,5.0
801,Cuartel General Arácnido de Spider-Man,Marvel,"$1,299.00",0,4+,155,5.0
802,Black Panther: Guerra en las Aguas,Marvel,"$2,299.00",30%,8+,545,3.6
803,Iron Spider-Man,Marvel,$249.00,0,10+,91,
804,Llavero de la Capitana Marvel,Marvel,$149.00,20%,6+,,4.0
805,Camiones de Combate de Hulk y Rino,Marvel,$529.00,0,4+,110,4.8
806,Hulkbuster de Iron Man vs. Thanos,Marvel,$679.00,0,4+,66,4.3
807,Sunbird de Shuri,Marvel,"$1,299.00",30%,8+,355,4.0
808,Laboratorio de Shuri,Marvel,$259.00,0,4+,58,4.6
809,Nave de los Guardianes,Marvel,"$3,999.00",30%,14+,1901,4.8
810,Nave de los Nuevos Guardianes,Marvel,"$2,599.00",20%,10+,1108,4.6
811,Miles Morales: Tecnotrike de Spider-Man,Marvel,$259.00,30%,4+,59,4.8
812,Barco Caprino,Marvel,"$1,499.00",30%,8+,564,4.7
813,Llavero de Spider-Ham,Marvel,$149.00,30%,6+,,4.3
814,La Batalla en la Oscuridad Profunda,Minecraft®,"$1,599.00",0,8+,584,4.8
815,La Fortificación-Espada,Minecraft®,"$1,099.00",0,8+,427,4.9
816,La Cabaña-Abeja,Minecraft®,$599.00,0,8+,254,5.0
817,La Armería,Minecraft®,$469.00,0,7+,203,5.0
818,El Santuario de Animales,Minecraft®,$469.00,0,7+,206,
819,El Pueblo-Llama,Minecraft®,"$3,499.00",0,9+,1252,4.4
820,La Mina Abandonada,Minecraft®,$469.00,0,7+,248,4.9
821,La Casa-Ajolote,Minecraft®,$679.00,0,7+,242,4.6
822,La Aventura en el Pantano,Minecraft®,$259.00,0,7+,65,5.0
823,La Fortaleza del Gólem de Hierro,Minecraft®,"$2,799.00",30%,9+,868,4.9
824,El Refugio-Zorro,Minecraft®,$529.00,0,8+,193,4.9
825,El Arrecife de Coral,Minecraft®,$249.00,0,7+,92,4.8
826,El Bastión del Nether,Minecraft®,$999.00,0,8+,300,4.8
827,La Casa-Champiñón,Minecraft®,$529.00,0,8+,272,4.9
828,El Portal en Ruinas,Minecraft®,$749.00,0,8+,316,4.5
829,La Aldea Abandonada,Minecraft®,"$1,099.00",0,8+,422,4.4
830,El Rancho-Conejo,Minecraft®,$799.00,0,8+,340,4.8
831,La Mazmorra del Esqueleto,Minecraft®,$999.00,0,8+,364,5.0
832,La Casa-Tortuga de la Playa,Minecraft®,$679.00,0,8+,234,
833,La Expedición de Steve al Desierto,Minecraft®,$279.00,0,6+,75,
834,El Combate en el End,Minecraft®,$599.00,0,8+,252,4.9
835,La Emboscada en el Portal del Nether,Minecraft®,$949.00,0,8+,352,
836,El Duelo contra el Devorador,Minecraft®,"$1,149.00",0,8+,420,
837,Llavero de Creeper™,Minecraft®,$149.00,30%,6+,,5.0
838,La Casa-Rana,Minecraft®,"$1,399.00",0,8+,400,
839,La Casa-Cerdo,Minecraft®,"$1,299.00",0,8+,490,4.5
840,La Pastelería,Minecraft®,$649.00,0,8+,154,4.5
841,Llavero de Steve,Minecraft®,$149.00,30%,6+,,
842,Caja Modular 4.0,Minecraft®,"$1,999.00",30%,8+,605,5.0
843,El Refugio-Panda,Minecraft®,"$1,299.00",0,8+,553,4.9
844,La Granja-Calabaza,Minecraft®,$999.00,30%,8+,257,4.9
845,El Castillo de Hielo,Minecraft®,"$1,299.00",0,8+,499,4.9
846,Zombi,Minecraft®,$249.00,30%,10+,81,4.6
847,La Batalla contra el Guardián,Minecraft®,$649.00,0,8+,255,4.9
848,El Campo de Entrenamiento,Minecraft®,"$1,999.00",0,8+,534,4.8
849,Los Picos de Hielo,Minecraft®,$849.00,0,8+,304,4.8
850,Llavero de Piglin,Minecraft®,$149.00,30%,6+,,
851,El Granero Rojo,Minecraft®,"$2,599.00",30%,9+,799,4.9
852,La Emboscada del Creeper™,Minecraft®,$259.00,0,7+,72,4.5
853,Llama,Minecraft®,$249.00,30%,10+,100,4.9
854,Alex,Minecraft®,$249.00,30%,10+,86,5.0
855,LEGO® Minifigures: 25ª Edición,Minifiguras,$119.00,0,5+,9,2.1
856,LEGO® Minifigures: 25ª Edición (paquete de 6),Minifiguras,$714.00,0,5+,52,1.0
857,Minifigura LEGO® Gigante,Minifiguras,"$1,199.00",0,10+,654,4.7
858,LEGO® Minifigures: 24ª Edición,Minifiguras,$129.00,30%,5+,8,3.0
859,LEGO® Minifigures Marvel: 2ª Edición,Minifiguras,$129.00,30%,5+,10,2.2
860,LEGO® Minifigures: Edición Disney 100,Minifiguras,$129.00,30%,5+,8,3.4
861,LEGO® Minifigures: 24ª Edición (paquete de 6),Minifiguras,$654.00,30%,5+,51,1.0
862,Llavero del Chico Bulldog Francés,Minifiguras,$149.00,0,6+,,3.4
863,Llavero de la Chica Chile,Minifiguras,$149.00,0,6+,,
864,Llavero de la Chica Mariquita,Minifiguras,$149.00,20%,6+,,5.0
865,5.º Aniversario de Megápolis,Monkie Kid™,"$4,699.00",0,10+,2330,
866,Meca-Dragón de Mei,Monkie Kid™,"$2,599.00",0,9+,990,
867,Meca Ultra de Monkey King,Monkie Kid™,"$3,999.00",0,10+,1705,4.5
868,Meca Combinado de Monkie Kid,Monkie Kid™,$529.00,0,7+,277,4.8
869,Dragón Guardián de Mei,Monkie Kid™,"$1,899.00",0,9+,605,5.0
870,Reinos Celestiales,Monkie Kid™,"$4,599.00",30%,10+,2433,4.7
871,Reactor-Dragón de Mei,Monkie Kid™,$529.00,0,7+,246,5.0
872,Minimeca de Monkie Kid,Monkie Kid™,"$1,399.00",0,8+,556,
873,Vehículos Creativos,Monkie Kid™,$869.00,0,6+,390,
874,Ciudad de los Faroles,Monkie Kid™,"$3,999.00",0,9+,2187,4.7
875,Anillo de Fuego de Nezha,Monkie Kid™,"$2,599.00",30%,8+,929,4.6
876,Meca de Evil Macaque,Monkie Kid™,"$2,299.00",30%,8+,893,4.3
877,El Poderoso Azure Lion,Monkie Kid™,"$1,999.00",0,9+,789,5.0
878,Palacio del Dragón del Este,Monkie Kid™,"$4,699.00",0,10+,2364,5.0
879,Bastón Creativo de Monkie Kid,Monkie Kid™,$899.00,33%,5+,309,5.0
880,Dragón del Este,Monkie Kid™,"$2,099.00",30%,8+,880,4.8
881,Fábrica de Pasteles de Luna de Chang’e,Monkie Kid™,"$1,799.00",30%,8+,609,4.3
882,Guarida del Equipo de Monkie Kid,Monkie Kid™,"$3,699.00",0,9+,1582,4.9
883,Dirigible-Nube de Monkie Kid,Monkie Kid™,"$1,299.00",0,7+,540,5.0
884,Reactor-Nube de Monkie Kid,Monkie Kid™,"$1,499.00",30%,8+,529,4.3
885,Yellow Tusk Elephant,Monkie Kid™,"$1,999.00",0,8+,844,4.0
886,Tanque-Toro de Hierro,Monkie Kid™,"$1,299.00",0,7+,430,4.5
887,Furgoneta del Equipo de Monkie Kid,Monkie Kid™,"$3,499.00",30%,9+,1406,5.0
888,Explorador Galáctico de Monkie Kid,Monkie Kid™,"$3,499.00",30%,9+,1356,5.0
889,Mercados de la Ciudad de NINJAGO®,NINJAGO®,"$9,199.00",0,14+,6163,4.4
890,Jardines de la Ciudad de NINJAGO®,NINJAGO®,"$8,499.00",0,14+,5686,4.7
891,Núcleos de Energía del Templo del Dragón,NINJAGO®,"$2,399.00",0,8+,1029,5.0
892,Kai Dragon Power: Tornado Spinjitzu,NINJAGO®,$279.00,30%,6+,72,4.0
893,Pack de Combate: Meca de Jay,NINJAGO®,$259.00,0,6+,78,
894,Lloyd Dragon Power: Ciclón Spinjitzu,NINJAGO®,$279.00,30%,6+,56,4.8
895,Meca Elemental del Fuego de Kai,NINJAGO®,$759.00,0,7+,322,3.7
896,Nya Dragon Power: Derrape Spinjitzu,NINJAGO®,$279.00,30%,6+,57,3.3
897,Dragón Maestro Egalt,NINJAGO®,"$1,799.00",0,8+,532,4.3
898,Meca Elemental de la Tierra de Cole,NINJAGO®,$499.00,0,7+,235,
899,Barco de Asalto Ninja: Carrera Contra el Tiempo,NINJAGO®,"$3,999.00",0,9+,1739,4.6
900,Meca Elemental Tecno de Sora,NINJAGO®,$499.00,0,7+,209,
901,Sabueso Cazadragones de Imperium,NINJAGO®,$499.00,0,6+,198,4.9
902,Ataque Rising Dragon de Kai,NINJAGO®,$259.00,0,6+,24,
903,Dragón de Agua EVO de Nya,NINJAGO®,$499.00,0,6+,173,4.9
904,Dragón de Lava Transformable de Heatwave,NINJAGO®,"$1,399.00",0,8+,479,5.0
905,Todoterreno del Dragón de Cole,NINJAGO®,"$1,199.00",30%,8+,384,5.0
906,Moto de Carreras Transformable en Meca de Sora,NINJAGO®,"$1,199.00",0,8+,384,4.9
907,Zane Dragon Power: Deportivo de Competición Spinjitzu,NINJAGO®,$869.00,0,7+,307,5.0
908,Catanas Cruzadas con Vainas,NINJAGO®,$699.00,0,6+,,
909,Meca de Combate de Arin,NINJAGO®,$399.00,0,4+,104,
910,Ataque Rising Dragon de Arin,NINJAGO®,$259.00,0,6+,27,
911,Mega Arma de Lord Garmadon,NINJAGO®,$499.00,20%,6+,,
912,Meca Ninja Ultra Combo,NINJAGO®,"$2,399.00",30%,9+,1104,5.0
913,Ataque Rising Dragon de Nya,NINJAGO®,$259.00,0,6+,26,
914,Meca de Combate Ninja EVO de Lloyd,NINJAGO®,$499.00,20%,6+,223,4.7
915,Dragón Elemental vs. Meca de la Emperatriz,NINJAGO®,"$3,399.00",0,9+,1038,5.0
916,Mecas del Equipo Ninja de Lloyd y Arin,NINJAGO®,"$1,999.00",0,9+,764,4.9
917,Criatura Dragón de Hielo de Zane,NINJAGO®,"$2,599.00",0,10+,973,5.0
918,Dragón Legendario de Lloyd,NINJAGO®,"$1,799.00",30%,8+,747,4.9
919,Meca Titán de Jay,NINJAGO®,"$1,999.00",0,9+,794,4.9
920,Meca Samurái X de Nya,NINJAGO®,"$3,199.00",30%,10+,1003,3.6
921,Templo del Rey Cristal,NINJAGO®,"$2,099.00",30%,8+,703,4.3
922,Moto del Dragón Dorado de Jay,NINJAGO®,$529.00,30%,7+,137,4.6
923,Ultradragón Dorado de Lloyd,NINJAGO®,"$3,999.00",30%,9+,989,4.4
924,Dragón de Tierra EVO de Cole,NINJAGO®,$849.00,0,7+,285,4.8
925,Caja Ninja de Ladrillos Creativos,NINJAGO®,"$1,499.00",0,5+,530,4.5
926,Moto Callejera Ninja de Lloyd,NINJAGO®,$259.00,0,4+,64,4.0
927,Explorador del Dragón Dorado de Kai,NINJAGO®,"$2,399.00",30%,8+,624,4.6
928,Deportivo EVO de Lloyd,NINJAGO®,$799.00,30%,6+,279,4.8
929,Dragón del Trueno EVO de Jay,NINJAGO®,$529.00,30%,6+,140,4.0
930,Batalla en Coche y Moto de Kai y Ras,NINJAGO®,$499.00,0,4+,103,4.9
931,Jet del Rayo EVO de Jay,NINJAGO®,$259.00,0,6+,146,4.8
932,Coche de Carreras Ninja EVO de Kai,NINJAGO®,$259.00,0,6+,94,4.8
933,Deportivo EVO de Jay y Nya,NINJAGO®,"$1,299.00",0,7+,536,4.9
934,Espada Imperium,NINJAGO®,$229.00,0,6+,,
935,Batalla por el Dragón Bebé de Nya y Arin,NINJAGO®,$869.00,0,4+,157,5.0
936,Moto-Meca EVO de Kai,NINJAGO®,"$1,099.00",0,7+,312,4.6
937,Rey Cristal,NINJAGO®,"$1,999.00",30%,9+,722,4.8
938,Templo del Dragón Ninja,NINJAGO®,"$1,099.00",30%,4+,161,3.5
939,Reactor del Dragón Dorado de Zane,NINJAGO®,$799.00,30%,7+,258,4.9
940,Templo Dojo Ninja,NINJAGO®,"$2,599.00",30%,8+,1394,4.7
941,Barco de Asalto Hidro,NINJAGO®,"$3,699.00",30%,9+,1159,4.4
942,Dragón de Agua,NINJAGO®,"$1,999.00",30%,9+,737,5.0
943,Meca de Última Generación EVO de Zane,NINJAGO®,$259.00,30%,6+,95,4.7
944,Meca Ninja de Lloyd,NINJAGO®,$259.00,30%,4+,57,4.7
945,Dragón del Fuego EVO de Kai,NINJAGO®,$799.00,30%,6+,204,4.0
946,Piano de Cola,Powered UP,"$9,499.00",0,18+,3662,5.0
947,Luz,Powered UP,$259.00,0,7+,1,4.4
948,Motor Lineal Mediano,Powered UP,$449.00,0,7+,1,2.5
949,Move Hub,Powered UP,"$1,999.00",0,7+,1,3.5
950,Sensor de Color y Distancia,Powered UP,$329.00,0,7+,1,5.0
951,Motor de Tren,Powered UP,$329.00,0,7+,7,4.2
952,Hub Grande,Powered UP,"$6,299.00",0,6+,2,3.0
953,Casa Encantada de la Feria,Powered UP,"$7,299.00",0,18+,3231,4.5
954,Control Remoto,Powered UP,$599.00,0,7+,1,3.0
955,Huida de Shadow the Hedgehog,Sonic the Hedgehog™,$469.00,0,8+,196,5.0
956,Robot Guardián de Knuckles,Sonic the Hedgehog™,$869.00,0,8+,276,
957,Llavero de Sonic the Hedgehog™,Sonic the Hedgehog™,$149.00,0,6+,,5.0
958,Sonic the Hedgehog™ – Green Hill Zone,Sonic the Hedgehog™,"$1,999.00",0,18+,1125,4.6
959,Sonic the Hedgehog™,Sonic the Hedgehog™,$249.00,0,10+,139,5.0
960,Sonic vs. Robot Death Egg del Dr. Eggman,Sonic the Hedgehog™,"$1,499.00",30%,8+,615,4.8
961,Taller y Avión Tornado de Tails,Sonic the Hedgehog™,$999.00,0,6+,376,4.9
962,Sonic: Desafío de la Esfera de Velocidad,Sonic the Hedgehog™,$869.00,0,6+,292,4.8
963,Sonic: Desafío del Looping de Green Hill Zone,Sonic the Hedgehog™,"$2,599.00",0,8+,802,4.6
964,Isla de Rescate de Animales de Amy,Sonic the Hedgehog™,"$1,299.00",20%,7+,388,4.5
965,Miles “Tails” Prower,Sonic the Hedgehog™,$249.00,0,10+,131,5.0
966,Sonic the Hedgehog™: Knuckles y Shadow,Sonic the Hedgehog™,$499.00,0,10+,298,
967,Mercedes-AMG F1 W12 E Performance y Mercedes-AMG Project One,Speed Champions,$799.00,0,9+,564,4.3
968,Nissan Skyline GT-R (R34) de 2 Fast 2 Furious,Speed Champions,$599.00,0,9+,319,4.7
969,Ferrari 812 Competizione,Speed Champions,$599.00,0,9+,261,4.9
970,Porsche 963,Speed Champions,$599.00,0,9+,280,4.7
971,McLaren Solus GT y McLaren F1 LM,Speed Champions,$849.00,0,9+,581,4.0
972,Deportivo Ford Mustang Dark Horse,Speed Champions,$679.00,0,9+,344,
973,007 Aston Martin DB5,Speed Champions,$529.00,0,8+,298,4.5
974,1970 Ferrari 512 M,Speed Champions,$529.00,0,8+,291,4.9
975,Pagani Utopia,Speed Champions,$599.00,0,9+,249,4.8
976,Coches de Carreras BMW M4 GT3 y BMW M Hybrid V8,Speed Champions,"$1,149.00",0,9+,676,
977,Koenigsegg Jesko,Speed Champions,$529.00,0,7+,280,4.8
978,Coche de Carreras Audi S1 e-tron quattro,Speed Champions,$679.00,0,9+,274,
979,Lamborghini Countach,Speed Champions,$529.00,0,8+,262,4.9
980,Aston Martin Valkyrie AMR Pro y Aston Martin Vantage GT3,Speed Champions,"$1,099.00",0,9+,592,4.4
981,Lotus Evija,Speed Champions,$529.00,0,8+,247,4.8
982,Fast & Furious 1970 Dodge Charger R/T,Speed Champions,$529.00,30%,8+,345,5.0
983,Toyota GR Supra,Speed Champions,$529.00,0,7+,299,4.0
984,Daily Bugle,Spider-Man,"$8,699.00",0,18+,3772,4.6
985,Batalla Final de Spider-Man,Spider-Man,"$2,799.00",0,10+,900,4.8
986,Llavero de Miles Morales,Spider-Man,$149.00,0,6+,,5.0
987,Figura de Miles Morales,Spider-Man,$649.00,30%,8+,238,4.5
988,Llavero de Spider-Man,Spider-Man,$149.00,0,6+,,
989,Llavero de Carnage,Spider-Man,$149.00,30%,6+,,5.0
990,Figura de Spider-Man,Spider-Man,$649.00,0,8+,258,5.0
991,Camiones de Combate de Hulk y Rino,Spider-Man,$529.00,0,4+,110,4.8
992,Figura de Venom,Spider-Man,$649.00,30%,8+,297,4.4
993,Armadura Robótica de Venom vs. Miles Morales,Spider-Man,$349.00,0,6+,134,
994,Spidey vs. Duende Verde,Spider-Man,$499.00,0,4+,84,
995,Cuartel General Arácnido del Equipo Spidey,Spider-Man,"$1,399.00",0,4+,193,
996,El Increíble Spider-Man,Spider-Man,"$4,999.00",0,18+,2099,5.0
997,Venom,Spider-Man,"$1,799.00",0,18+,565,4.2
998,Coche de Spider-Man y Doc Ock,Spider-Man,$259.00,0,4+,48,5.0
999,Cuartel General Arácnido de Spider-Man,Spider-Man,"$1,299.00",0,4+,155,5.0
1000,Base Móvil del Equipo Spidey,Spider-Man,"$1,299.00",0,4+,187,5.0
1001,Casa de Spider-Man,Spider-Man,$529.00,0,2+,25,4.9
1002,Equipo Spidey en el Faro del Duende Verde,Spider-Man,$849.00,20%,4+,149,5.0
1003,Llavero de Spider-Ham,Spider-Man,$149.00,30%,6+,,4.3
1004,Miles Morales: Tecnotrike de Spider-Man,Spider-Man,$259.00,30%,4+,59,4.8
1005,Crucero de Ataque Clase Venator de la República,Star Wars™,"$15,499.00",0,18+,5374,4.6
1006,AT-AT™,Star Wars™,"$19,999.00",0,18+,6785,4.2
1007,Millennium Falcon™,Star Wars™,"$19,999.00",0,16+,7541,4.5
1008,The Razor Crest™,Star Wars™,"$14,499.00",0,18+,6187,4.0
1009,Pack de Combate: Soldado Clon y Droide de Combate,Star Wars™,$759.00,0,7+,215,4.6
1010,Diorama Festivo: Halcón Milenario,Star Wars™,$699.00,30%,8+,282,4.6
1011,Caza Estelar Ala-X,Star Wars™,"$5,799.00",0,18+,1953,3.1
1012,Espíritu y Fantasma II,Star Wars™,"$3,999.00",0,10+,1394,4.6
1013,Cañonera de la Guardia de Coruscant,Star Wars™,"$3,699.00",0,9+,1083,3.9
1014,Microfighter: Caza Estelar N-1 de The Mandalorian,Star Wars™,$399.00,0,6+,88,4.6
1015,Superdestructor Estelar Ejecutor,Star Wars™,"$1,799.00",0,18+,630,4.8
1016,Pack de Combate: Soldados Clon de la 332 de Ahsoka,Star Wars™,$499.00,0,6+,108,4.0
1017,R2-D2™,Star Wars™,"$5,799.00",0,18+,2314,4.4
1018,Caza Estelar Jedi de Yoda,Star Wars™,$869.00,0,8+,253,4.5
1019,Lanzadera Jedi T-6 de Ahsoka Tano,Star Wars™,"$1,999.00",0,9+,601,3.9
1020,Héroes de la Batalla de Endor™,Star Wars™,$999.00,40%,10+,549,5.0
1021,Obi-Wan Kenobi™ y Darth Vader™,Star Wars™,$499.00,0,10+,260,4.6
1022,Llavero de Soldado Explorador,Star Wars™,$149.00,0,6+,,5.0
1023,Speeder Terrestre de Luke Skywalker,Star Wars™,"$5,799.00",0,18+,1890,4.4
1024,Meca de Soldado de Asalto,Star Wars™,$399.00,0,6+,138,4.9
1025,Caminante AT-TE™,Star Wars™,"$3,699.00",0,9+,1082,4.5
1026,Bombardero TIE,Star Wars™,"$1,599.00",0,9+,625,4.5
1027,Halcón Milenario,Star Wars™,"$4,099.00",0,9+,1353,4.6
1028,El Niño,Star Wars™,"$2,299.00",0,10+,1075,4.6
1029,Diorama: Sala del Trono del Emperador,Star Wars™,"$2,599.00",30%,18+,807,4.0
1030,Casco de Darth Vader™,Star Wars™,"$1,999.00",0,18+,834,4.7
1031,AT-AT™,Star Wars™,"$4,099.00",0,10+,1267,4.2
1032,Meca de Darth Vader™,Star Wars™,$399.00,0,6+,139,4.6
1033,Tanque Araña,Star Wars™,"$1,299.00",0,9+,526,4.6
1034,The Crimson Firehawk™,Star Wars™,"$1,299.00",0,4+,136,1.0
1035,Llavero de Ahsoka Tano™,Star Wars™,$149.00,0,6+,,4.1
1036,Cantina de Mos Eisley,Star Wars™,"$9,499.00",0,18+,3187,4.8
1037,Transporte Inquisitorial Scythe™,Star Wars™,"$2,599.00",30%,9+,924,4.4
1038,Meca de Boba Fett™,Star Wars™,$399.00,0,6+,155,4.5
1039,Diorama: Duelo de Speeders en Endor™,Star Wars™,"$1,999.00",30%,18+,608,3.3
1040,Caza Ala-X de Luke Skywalker,Star Wars™,"$1,299.00",0,9+,474,4.3
1041,Caza Estelar Jedi de Obi-Wan Kenobi,Star Wars™,$849.00,0,7+,282,4.4
1042,Caza Colmillo Mandaloriano vs. Interceptor TIE,Star Wars™,"$2,599.00",0,9+,957,4.3
1043,Llavero de Stormtrooper™,Star Wars™,$149.00,0,6+,,5.0
1044,Nave Estelar de Boba Fett,Star Wars™,"$1,299.00",0,9+,593,4.4
1045,Transporte de Cazarrecompensas de The Mandalorian™,Star Wars™,"$3,699.00",0,10+,1023,4.7
1046,Caza TIE Imperial,Star Wars™,"$1,099.00",0,8+,432,4.7
1047,Llavero del Mandaloriano,Star Wars™,$149.00,0,6+,,5.0
1048,Llavero de Darth Vader™,Star Wars™,$149.00,0,6+,,
1049,Bandido Tusken,Star Wars™,$249.00,0,10+,152,4.8
1050,Microfighter: Nave Estelar de Boba Fett,Star Wars™,$259.00,0,6+,85,4.6
1051,Pack de Combate: Soldados Clon de la 501,Star Wars™,$529.00,0,6+,119,4.5
1052,Casco del Capitán Rex,Star Wars™,"$1,799.00",0,18+,854,4.9
1053,Llavero de Grogu™,Star Wars™,$149.00,0,6+,,4.5
1054,Base Rebelde de Yavin 4,Star Wars™,"$4,199.00",0,8+,1066,3.9
1055,The Justifier™,Star Wars™,"$4,099.00",30%,9+,1022,4.7
1056,Ala-E de la Nueva República vs. Caza Estelar de Shin Hati,Star Wars™,"$2,799.00",0,9+,1056,4.3
1057,Chewbacca™,Star Wars™,"$4,999.00",0,18+,2319,4.9
1058,Caza Estelar N-1 de The Mandalorian,Star Wars™,"$1,599.00",0,9+,412,3.8
1059,Casco del Mandaloriano,Star Wars™,"$1,799.00",0,18+,584,4.9
1060,Casco del Comandante Clon Cody,Star Wars™,"$1,799.00",0,18+,766,4.7
1061,Obi-Wan Kenobi™ vs. Darth Vader™,Star Wars™,"$1,299.00",0,8+,408,3.3
1062,LEGO® Star Wars™: Calendario de Adviento 2023,Star Wars™,"$1,149.00",30%,6+,320,3.7
1063,Ataque de los Soldados Oscuros,Star Wars™,$799.00,30%,8+,166,4.5
1064,Ahsoka Tano,Star Wars™,$249.00,30%,10+,164,4.8
1065,AT-ST™ de Hoth™,Star Wars™,"$1,299.00",0,9+,586,4.6
1066,Casco de Luke Skywalker™ (Rojo Cinco),Star Wars™,"$1,799.00",0,18+,675,3.8
1067,Tanque de Asalto de la República,Star Wars™,"$1,099.00",0,7+,262,4.4
1068,BD-1™,Star Wars™,"$2,599.00",0,14+,1062,4.6
1069,Templo Jedi de Tenoo,Star Wars™,$999.00,20%,4+,124,3.8
1070,Casco de la Princesa Leia (Boushh™),Star Wars™,"$1,799.00",0,18+,670,5.0
1071,Caza Snub Pirata,Star Wars™,$849.00,20%,8+,285,4.3
1072,Llavero de Fennec Shand™,Star Wars™,$149.00,0,6+,,
1073,Cañonera de la República,Star Wars™,"$9,499.00",0,18+,3292,5.0
1074,Diorama: Ataque a la Estrella de la Muerte,Star Wars™,"$1,799.00",30%,18+,665,4.9
1075,Casco de Soldado Oscuro,Star Wars™,"$1,799.00",0,18+,693,4.4
1076,Sala del Trono de Boba Fett,Star Wars™,"$2,599.00",30%,9+,732,5.0
1077,Llavero de Yoda™,Star Wars™,$119.00,0,6+,,4.7
1078,Diorama: Compactador de Basura de la Estrella de la Muerte,Star Wars™,"$2,399.00",0,18+,802,4.0
1079,Pack de Combate: Soldados de las Nieves,Star Wars™,$529.00,0,6+,105,4.3
1080,Diorama: Entrenamiento Jedi™ en Dagobah™,Star Wars™,"$2,299.00",0,18+,1000,4.1
1081,AT-ST™,Star Wars™,$799.00,0,4+,87,1.7
1082,El Mandaloriano y el Niño,Star Wars™,$499.00,0,10+,295,4.7
1083,Emboscada en Ferrix™,Star Wars™,"$1,799.00",0,9+,679,4.5
1084,Ferrari Daytona SP3,Technic,"$10,499.00",0,18+,3778,4.1
1085,Lamborghini Sián FKP 37,Technic,"$10,499.00",0,18+,3696,4.0
1086,Coche de Carreras McLaren Formula 1™,Technic,"$4,999.00",0,18+,1434,4.5
1087,Ford GT 2022,Technic,"$2,999.00",0,18+,1468,4.1
1088,Porsche 911 RSR,Technic,"$4,299.00",0,10+,1580,4.5
1089,PEUGEOT 9X8 24H Le Mans Hybrid Hypercar,Technic,"$4,999.00",0,18+,1775,4.8
1090,BMW M 1000 RR,Technic,"$6,199.00",0,18+,1921,4.5
1091,Lamborghini Huracán Tecnica,Technic,"$1,299.00",0,9+,806,4.6
1092,Yamaha MT-10 SP,Technic,"$5,799.00",0,18+,1478,4.6
1093,Ferrari 488 GTE “AF Corse #51”,Technic,"$4,999.00",0,18+,1684,4.4
1094,Bugatti Bolide Agile Blue,Technic,"$1,299.00",0,9+,905,4.0
1095,Ford Mustang Shelby® GT500®,Technic,"$1,299.00",0,9+,544,4.2
1096,NEOM McLaren Extreme E Race Car,Technic,$679.00,0,7+,252,4.0
1097,Grúa sobre Orugas Liebherr LR 13000,Technic,"$16,999.00",30%,18+,2883,4.2
1098,Bugatti Bolide,Technic,"$1,299.00",0,9+,905,4.4
1099,Audi RS Q e-tron,Technic,"$4,299.00",30%,10+,914,4.9
1100,Formula E® Porsche 99X Electric,Technic,"$1,299.00",0,9+,422,5.0
1101,Camión de Residuos Mack® LR Electric,Technic,$829.00,0,8+,503,4.5
1102,John Deere 9700 Forage Harvester,Technic,$999.00,0,9+,559,
1103,NASCAR® Next Gen Chevrolet Camaro ZL1,Technic,"$1,299.00",0,9+,672,4.8
1104,Buldócer Pesado,Technic,$349.00,0,7+,195,
1105,Buggy de Carreras Todoterreno,Technic,$499.00,0,8+,219,
1106,Dom's Dodge Charger,Technic,"$2,999.00",0,10+,1077,4.4
1107,NEOM McLaren Formula E Race Car,Technic,"$1,299.00",0,9+,452,
1108,NASA Mars Rover Perseverance,Technic,"$2,599.00",0,10+,1132,4.7
1109,Planeta Tierra y Luna en Órbita,Technic,"$1,899.00",0,10+,526,
1110,Camión de Trial 4x4 Mercedes-Benz Zetros,Technic,"$7,999.00",30%,12+,2129,4.6
1111,John Deere 9620R 4WD Tractor,Technic,$799.00,0,8+,390,4.8
1112,Nave Espacial de Carga Pesada VTOL LT81,Technic,"$2,799.00",0,10+,1365,
1113,Helicóptero de Rescate Airbus H175,Technic,"$4,999.00",0,11+,2001,4.6
1114,Vehículo Transformable Controlado por App,Technic,"$3,999.00",30%,9+,772,4.4
1115,Róver Explorador del Equipo de Marte,Technic,"$3,999.00",0,11+,1599,
1116,McLaren Senna GTR™,Technic,"$1,299.00",0,10+,830,5.0
1117,Skidder John Deere 948L-II,Technic,"$4,999.00",0,11+,1492,4.8
1118,THE BATMAN: BATMOTO,Technic,"$1,299.00",0,9+,641,4.8
1119,Monster Jam™ Dragon™,Technic,$529.00,0,7+,217,4.8
1120,Cargadora Espacial de Superficie LT78,Technic,$869.00,0,8+,435,
1121,Camión Remolcador de Gran Tonelaje,Technic,"$3,999.00",0,11+,2017,4.8
1122,Manipuladora de Materiales,Technic,"$3,999.00",30%,10+,835,4.4
1123,Avión de Bomberos,Technic,"$2,599.00",0,10+,1134,4.5
1124,Monster Jam™ Monster Mutt™ Dalmatian,Technic,$529.00,0,7+,244,4.9
1125,Buldócer Cat® D11 Controlado por App,Technic,"$12,499.00",30%,18+,3854,4.0
1126,Volquete,Technic,$349.00,0,7+,177,4.9
1127,Jeep® Wrangler,Technic,"$1,299.00",0,9+,665,4.6
1128,Vehículo Todoterreno,Technic,"$2,299.00",30%,10+,764,4.7
1129,Monster Jam™ El Toro Loco™,Technic,$529.00,0,7+,247,5.0
1130,Máquina Pisanieves,Technic,$349.00,0,7+,178,4.7
1131,Ducati Panigale V4 R,Technic,"$1,999.00",30%,10+,646,4.5
1132,Moto,Technic,$349.00,30%,7+,163,4.7
1133,THE BATMAN: BATMÓVIL,Technic,"$2,599.00",30%,10+,1360,4.7
1134,Manipulador Telescópico,Technic,$349.00,30%,7+,143,4.7
1135,Monster Jam™ Grave Digger™,Technic,$469.00,0,7+,212,4.6
